全角,和暦,辞書用よみ,西暦,和暦元号,和暦（読み）,年（半）,年（全）,十子,読み,十二支,読み,時代区分,備考
５９３,推古天皇（諡号）1,すいこてんのう１,593,推古天皇（諡号）,すいこてんのう,1,１,癸,みずのと,丑,うし,飛鳥時代,
５９４,推古天皇（諡号）2,すいこてんのう２,594,推古天皇（諡号）,すいこてんのう,2,２,甲,きのえ,寅,とら,,
５９５,推古天皇（諡号）3,すいこてんのう３,595,推古天皇（諡号）,すいこてんのう,3,３,乙,きのと,卯,うさぎ,,
５９６,推古天皇（諡号）4,すいこてんのう４,596,推古天皇（諡号）,すいこてんのう,4,４,丙,ひのえ,辰,たつ,,
５９７,推古天皇（諡号）5,すいこてんのう５,597,推古天皇（諡号）,すいこてんのう,5,５,丁,ひのと,巳,へび,,
５９８,推古天皇（諡号）6,すいこてんのう６,598,推古天皇（諡号）,すいこてんのう,6,６,戊,つちのえ,午,うま,,
５９９,推古天皇（諡号）7,すいこてんのう７,599,推古天皇（諡号）,すいこてんのう,7,７,己,つちのと,未,ひつじ,,
６００,推古天皇（諡号）8,すいこてんのう８,600,推古天皇（諡号）,すいこてんのう,8,８,庚,かのえ,申,さる,,
６０１,推古天皇（諡号）9,すいこてんのう９,601,推古天皇（諡号）,すいこてんのう,9,９,辛,かのと,酉,とり,,
６０２,推古天皇（諡号）10,すいこてんのう１０,602,推古天皇（諡号）,すいこてんのう,10,１０,壬,みずのえ,戌,いぬ,,
６０３,推古天皇（諡号）11,すいこてんのう１１,603,推古天皇（諡号）,すいこてんのう,11,１１,癸,みずのと,亥,いのしし,,
６０４,推古天皇（諡号）12,すいこてんのう１２,604,推古天皇（諡号）,すいこてんのう,12,１２,甲,きのえ,子,ねずみ,,憲法17条制定
６０５,推古天皇（諡号）13,すいこてんのう１３,605,推古天皇（諡号）,すいこてんのう,13,１３,乙,きのと,丑,うし,,
６０６,推古天皇（諡号）14,すいこてんのう１４,606,推古天皇（諡号）,すいこてんのう,14,１４,丙,ひのえ,寅,とら,,
６０７,推古天皇（諡号）15,すいこてんのう１５,607,推古天皇（諡号）,すいこてんのう,15,１５,丁,ひのと,卯,うさぎ,,
６０８,推古天皇（諡号）16,すいこてんのう１６,608,推古天皇（諡号）,すいこてんのう,16,１６,戊,つちのえ,辰,たつ,,
６０９,推古天皇（諡号）17,すいこてんのう１７,609,推古天皇（諡号）,すいこてんのう,17,１７,己,つちのと,巳,へび,,
６１０,推古天皇（諡号）18,すいこてんのう１８,610,推古天皇（諡号）,すいこてんのう,18,１８,庚,かのえ,午,うま,,
６１１,推古天皇（諡号）19,すいこてんのう１９,611,推古天皇（諡号）,すいこてんのう,19,１９,辛,かのと,未,ひつじ,,
６１２,推古天皇（諡号）20,すいこてんのう２０,612,推古天皇（諡号）,すいこてんのう,20,２０,壬,みずのえ,申,さる,,
６１３,推古天皇（諡号）21,すいこてんのう２１,613,推古天皇（諡号）,すいこてんのう,21,２１,癸,みずのと,酉,とり,,
６１４,推古天皇（諡号）22,すいこてんのう２２,614,推古天皇（諡号）,すいこてんのう,22,２２,甲,きのえ,戌,いぬ,,
６１５,推古天皇（諡号）23,すいこてんのう２３,615,推古天皇（諡号）,すいこてんのう,23,２３,乙,きのと,亥,いのしし,,
６１６,推古天皇（諡号）24,すいこてんのう２４,616,推古天皇（諡号）,すいこてんのう,24,２４,丙,ひのえ,子,ねずみ,,
６１７,推古天皇（諡号）25,すいこてんのう２５,617,推古天皇（諡号）,すいこてんのう,25,２５,丁,ひのと,丑,うし,,
６１８,推古天皇（諡号）26,すいこてんのう２６,618,推古天皇（諡号）,すいこてんのう,26,２６,戊,つちのえ,寅,とら,,
６１９,推古天皇（諡号）27,すいこてんのう２７,619,推古天皇（諡号）,すいこてんのう,27,２７,己,つちのと,卯,うさぎ,,
６２０,推古天皇（諡号）28,すいこてんのう２８,620,推古天皇（諡号）,すいこてんのう,28,２８,庚,かのえ,辰,たつ,,
６２１,推古天皇（諡号）29,すいこてんのう２９,621,推古天皇（諡号）,すいこてんのう,29,２９,辛,かのと,巳,へび,,
６２２,推古天皇（諡号）30,すいこてんのう３０,622,推古天皇（諡号）,すいこてんのう,30,３０,壬,みずのえ,午,うま,,
６２３,推古天皇（諡号）31,すいこてんのう３１,623,推古天皇（諡号）,すいこてんのう,31,３１,癸,みずのと,未,ひつじ,,
６２４,推古天皇（諡号）32,すいこてんのう３２,624,推古天皇（諡号）,すいこてんのう,32,３２,甲,きのえ,申,さる,,
６２５,推古天皇（諡号）33,すいこてんのう３３,625,推古天皇（諡号）,すいこてんのう,33,３３,乙,きのと,酉,とり,,
６２６,推古天皇（諡号）34,すいこてんのう３４,626,推古天皇（諡号）,すいこてんのう,34,３４,丙,ひのえ,戌,いぬ,,
６２７,推古天皇（諡号）35,すいこてんのう３５,627,推古天皇（諡号）,すいこてんのう,35,３５,丁,ひのと,亥,いのしし,,
６２８,推古天皇（諡号）36,すいこてんのう３６,628,推古天皇（諡号）,すいこてんのう,36,３６,戊,つちのえ,子,ねずみ,,
６２９,推古天皇（諡号）37,すいこてんのう３７,629,推古天皇（諡号）,すいこてんのう,37,３７,己,つちのと,丑,うし,0,
６２９,舒明天皇（諡号）1,じょめいてんのう１,629,舒明天皇（諡号）,じょめいてんのう,1,１,己,つちのと,丑,うし,0,
６３０,舒明天皇（諡号）2,じょめいてんのう２,630,舒明天皇（諡号）,じょめいてんのう,2,２,庚,かのえ,寅,とら,,
６３１,舒明天皇（諡号）3,じょめいてんのう３,631,舒明天皇（諡号）,じょめいてんのう,3,３,辛,かのと,卯,うさぎ,,
６３２,舒明天皇（諡号）4,じょめいてんのう４,632,舒明天皇（諡号）,じょめいてんのう,4,４,壬,みずのえ,辰,たつ,,
６３３,舒明天皇（諡号）5,じょめいてんのう５,633,舒明天皇（諡号）,じょめいてんのう,5,５,癸,みずのと,巳,へび,,
６３４,舒明天皇（諡号）6,じょめいてんのう６,634,舒明天皇（諡号）,じょめいてんのう,6,６,甲,きのえ,午,うま,,
６３５,舒明天皇（諡号）7,じょめいてんのう７,635,舒明天皇（諡号）,じょめいてんのう,7,７,乙,きのと,未,ひつじ,,
６３６,舒明天皇（諡号）8,じょめいてんのう８,636,舒明天皇（諡号）,じょめいてんのう,8,８,丙,ひのえ,申,さる,,
６３７,舒明天皇（諡号）9,じょめいてんのう９,637,舒明天皇（諡号）,じょめいてんのう,9,９,丁,ひのと,酉,とり,,
６３８,舒明天皇（諡号）10,じょめいてんのう１０,638,舒明天皇（諡号）,じょめいてんのう,10,１０,戊,つちのえ,戌,いぬ,,
６３９,舒明天皇（諡号）11,じょめいてんのう１１,639,舒明天皇（諡号）,じょめいてんのう,11,１１,己,つちのと,亥,いのしし,,
６４０,舒明天皇（諡号）12,じょめいてんのう１２,640,舒明天皇（諡号）,じょめいてんのう,12,１２,庚,かのえ,子,ねずみ,,
６４１,舒明天皇（諡号）13,じょめいてんのう１３,641,舒明天皇（諡号）,じょめいてんのう,13,１３,辛,かのと,丑,うし,,
６４２,舒明天皇（諡号）14,じょめいてんのう１４,642,舒明天皇（諡号）,じょめいてんのう,14,１４,壬,みずのえ,寅,とら,0,
６４２,皇極天皇（諡号）1,こうぎょくてんのう１,642,皇極天皇（諡号）,こうぎょくてんのう,1,１,壬,みずのえ,寅,とら,0,
６４３,皇極天皇（諡号）2,こうぎょくてんのう２,643,皇極天皇（諡号）,こうぎょくてんのう,2,２,癸,みずのと,卯,うさぎ,,
６４４,皇極天皇（諡号）3,こうぎょくてんのう３,644,皇極天皇（諡号）,こうぎょくてんのう,3,３,甲,きのえ,辰,たつ,,
６４５,皇極天皇（諡号）4,こうぎょくてんのう４,645,皇極天皇（諡号）,こうぎょくてんのう,4,４,乙,きのと,巳,へび,0,大化革新
６４５,大化1,たいか１,645,大化,たいか,1,１,乙,きのと,巳,へび,0,大化革新
６４６,大化2,たいか２,646,大化,たいか,2,２,丙,ひのえ,午,うま,,
６４７,大化3,たいか３,647,大化,たいか,3,３,丁,ひのと,未,ひつじ,,
６４８,大化4,たいか４,648,大化,たいか,4,４,戊,つちのえ,申,さる,,
６４９,大化5,たいか５,649,大化,たいか,5,５,己,つちのと,酉,とり,,藤原京遷都
６５０,大化6,たいか６,650,大化,たいか,6,６,庚,かのえ,戌,いぬ,0,
６５０,白雉1,はくち１,650,白雉,はくち,1,１,庚,かのえ,戌,いぬ,0,
６５１,白雉2,はくち２,651,白雉,はくち,2,２,辛,かのと,亥,いのしし,,
６５２,白雉3,はくち３,652,白雉,はくち,3,３,壬,みずのえ,子,ねずみ,,
６５３,白雉4,はくち４,653,白雉,はくち,4,４,癸,みずのと,丑,うし,,
６５４,白雉5,はくち５,654,白雉,はくち,5,５,甲,きのえ,寅,とら,,
６５５,白雉6,はくち６,655,白雉,はくち,6,６,乙,きのと,卯,うさぎ,0,
６５５,斉明天皇（諡号）1,さいめいてんのう１,655,斉明天皇（諡号）,さいめいてんのう,1,１,乙,きのと,卯,うさぎ,0,
６５６,斉明天皇（諡号）2,さいめいてんのう２,656,斉明天皇（諡号）,さいめいてんのう,2,２,丙,ひのえ,辰,たつ,,
６５７,斉明天皇（諡号）3,さいめいてんのう３,657,斉明天皇（諡号）,さいめいてんのう,3,３,丁,ひのと,巳,へび,,
６５８,斉明天皇（諡号）4,さいめいてんのう４,658,斉明天皇（諡号）,さいめいてんのう,4,４,戊,つちのえ,午,うま,,
６５９,斉明天皇（諡号）5,さいめいてんのう５,659,斉明天皇（諡号）,さいめいてんのう,5,５,己,つちのと,未,ひつじ,,
６６０,斉明天皇（諡号）6,さいめいてんのう６,660,斉明天皇（諡号）,さいめいてんのう,6,６,庚,かのえ,申,さる,,
６６１,斉明天皇（諡号）7,さいめいてんのう７,661,斉明天皇（諡号）,さいめいてんのう,7,７,辛,かのと,酉,とり,,
６６２,斉明天皇（諡号）8,さいめいてんのう８,662,斉明天皇（諡号）,さいめいてんのう,8,８,壬,みずのえ,戌,いぬ,0,
６６２,天智天皇（諡号）1,てんちてんのう１,662,天智天皇（諡号）,てんちてんのう,1,１,壬,みずのえ,戌,いぬ,0,
６６３,天智天皇（諡号）2,てんちてんのう２,663,天智天皇（諡号）,てんちてんのう,2,２,癸,みずのと,亥,いのしし,,
６６４,天智天皇（諡号）3,てんちてんのう３,664,天智天皇（諡号）,てんちてんのう,3,３,甲,きのえ,子,ねずみ,,
６６５,天智天皇（諡号）4,てんちてんのう４,665,天智天皇（諡号）,てんちてんのう,4,４,乙,きのと,丑,うし,,
６６６,天智天皇（諡号）5,てんちてんのう５,666,天智天皇（諡号）,てんちてんのう,5,５,丙,ひのえ,寅,とら,,
６６７,天智天皇（諡号）6,てんちてんのう６,667,天智天皇（諡号）,てんちてんのう,6,６,丁,ひのと,卯,うさぎ,,
６６８,天智天皇（諡号）7,てんちてんのう７,668,天智天皇（諡号）,てんちてんのう,7,７,戊,つちのえ,辰,たつ,,
６６９,天智天皇（諡号）8,てんちてんのう８,669,天智天皇（諡号）,てんちてんのう,8,８,己,つちのと,巳,へび,,
６７０,天智天皇（諡号）9,てんちてんのう９,670,天智天皇（諡号）,てんちてんのう,9,９,庚,かのえ,午,うま,,
６７１,天智天皇（諡号）10,てんちてんのう１０,671,天智天皇（諡号）,てんちてんのう,10,１０,辛,かのと,未,ひつじ,,
６７２,天智天皇（諡号）11,てんちてんのう１１,672,天智天皇（諡号）,てんちてんのう,11,１１,壬,みずのえ,申,さる,0,壬申の乱
６６２,天智天皇（諡号）1,てんじてんのう１,662,天智天皇（諡号）,てんじてんのう,1,１,壬,みずのえ,戌,いぬ,0,
６６３,天智天皇（諡号）2,てんじてんのう２,663,天智天皇（諡号）,てんじてんのう,2,２,癸,みずのと,亥,いのしし,,
６６４,天智天皇（諡号）3,てんじてんのう３,664,天智天皇（諡号）,てんじてんのう,3,３,甲,きのえ,子,ねずみ,,
６６５,天智天皇（諡号）4,てんじてんのう４,665,天智天皇（諡号）,てんじてんのう,4,４,乙,きのと,丑,うし,,
６６６,天智天皇（諡号）5,てんじてんのう５,666,天智天皇（諡号）,てんじてんのう,5,５,丙,ひのえ,寅,とら,,
６６７,天智天皇（諡号）6,てんじてんのう６,667,天智天皇（諡号）,てんじてんのう,6,６,丁,ひのと,卯,うさぎ,,
６６８,天智天皇（諡号）7,てんじてんのう７,668,天智天皇（諡号）,てんじてんのう,7,７,戊,つちのえ,辰,たつ,,
６６９,天智天皇（諡号）8,てんじてんのう８,669,天智天皇（諡号）,てんじてんのう,8,８,己,つちのと,巳,へび,,
６７０,天智天皇（諡号）9,てんじてんのう９,670,天智天皇（諡号）,てんじてんのう,9,９,庚,かのえ,午,うま,,
６７１,天智天皇（諡号）10,てんじてんのう１０,671,天智天皇（諡号）,てんじてんのう,10,１０,辛,かのと,未,ひつじ,,
６７２,天智天皇（諡号）11,てんじてんのう１１,672,天智天皇（諡号）,てんじてんのう,11,１１,壬,みずのえ,申,さる,0,壬申の乱
６７２,弘文天皇（諡号）1,こうぶんてんのう１,672,弘文天皇（諡号）,こうぶんてんのう,1,１,壬,みずのえ,申,さる,0,壬申の乱
６７２,天武天皇（諡号）1,てんむてんのう１,672,天武天皇（諡号）,てんむてんのう,1,１,壬,みずのえ,申,さる,0,壬申の乱
６７３,天武天皇（諡号）2,てんむてんのう２,673,天武天皇（諡号）,てんむてんのう,2,２,癸,みずのと,酉,とり,,
６７４,天武天皇（諡号）3,てんむてんのう３,674,天武天皇（諡号）,てんむてんのう,3,３,甲,きのえ,戌,いぬ,,
６７５,天武天皇（諡号）4,てんむてんのう４,675,天武天皇（諡号）,てんむてんのう,4,４,乙,きのと,亥,いのしし,,
６７６,天武天皇（諡号）5,てんむてんのう５,676,天武天皇（諡号）,てんむてんのう,5,５,丙,ひのえ,子,ねずみ,,
６７７,天武天皇（諡号）6,てんむてんのう６,677,天武天皇（諡号）,てんむてんのう,6,６,丁,ひのと,丑,うし,,
６７８,天武天皇（諡号）7,てんむてんのう７,678,天武天皇（諡号）,てんむてんのう,7,７,戊,つちのえ,寅,とら,,
６７９,天武天皇（諡号）8,てんむてんのう８,679,天武天皇（諡号）,てんむてんのう,8,８,己,つちのと,卯,うさぎ,,
６８０,天武天皇（諡号）9,てんむてんのう９,680,天武天皇（諡号）,てんむてんのう,9,９,庚,かのえ,辰,たつ,,
６８１,天武天皇（諡号）10,てんむてんのう１０,681,天武天皇（諡号）,てんむてんのう,10,１０,辛,かのと,巳,へび,,
６８２,天武天皇（諡号）11,てんむてんのう１１,682,天武天皇（諡号）,てんむてんのう,11,１１,壬,みずのえ,午,うま,,
６８３,天武天皇（諡号）12,てんむてんのう１２,683,天武天皇（諡号）,てんむてんのう,12,１２,癸,みずのと,未,ひつじ,,
６８４,天武天皇（諡号）13,てんむてんのう１３,684,天武天皇（諡号）,てんむてんのう,13,１３,甲,きのえ,申,さる,,
６８５,天武天皇（諡号）14,てんむてんのう１４,685,天武天皇（諡号）,てんむてんのう,14,１４,乙,きのと,酉,とり,,
６８６,天武天皇（諡号）15,てんむてんのう１５,686,天武天皇（諡号）,てんむてんのう,15,１５,丙,ひのえ,戌,いぬ,,
６８７,天武天皇（諡号）16,てんむてんのう１６,687,天武天皇（諡号）,てんむてんのう,16,１６,丁,ひのと,亥,いのしし,0,
６８７,持統天皇（諡号）1,じとうてんのう１,687,持統天皇（諡号）,じとうてんのう,1,１,丁,ひのと,亥,いのしし,0,
６８８,持統天皇（諡号）2,じとうてんのう２,688,持統天皇（諡号）,じとうてんのう,2,２,戊,つちのえ,子,ねずみ,,
６８９,持統天皇（諡号）3,じとうてんのう３,689,持統天皇（諡号）,じとうてんのう,3,３,己,つちのと,丑,うし,,
６９０,持統天皇（諡号）4,じとうてんのう４,690,持統天皇（諡号）,じとうてんのう,4,４,庚,かのえ,寅,とら,,
６９１,持統天皇（諡号）5,じとうてんのう５,691,持統天皇（諡号）,じとうてんのう,5,５,辛,かのと,卯,うさぎ,,
６９２,持統天皇（諡号）6,じとうてんのう６,692,持統天皇（諡号）,じとうてんのう,6,６,壬,みずのえ,辰,たつ,,
６９３,持統天皇（諡号）7,じとうてんのう７,693,持統天皇（諡号）,じとうてんのう,7,７,癸,みずのと,巳,へび,,
６９４,持統天皇（諡号）8,じとうてんのう８,694,持統天皇（諡号）,じとうてんのう,8,８,甲,きのえ,午,うま,,
６９５,持統天皇（諡号）9,じとうてんのう９,695,持統天皇（諡号）,じとうてんのう,9,９,乙,きのと,未,ひつじ,,
６９６,持統天皇（諡号）10,じとうてんのう１０,696,持統天皇（諡号）,じとうてんのう,10,１０,丙,ひのえ,申,さる,,
６９７,持統天皇（諡号）11,じとうてんのう１１,697,持統天皇（諡号）,じとうてんのう,11,１１,丁,ひのと,酉,とり,0,
６９７,文武天皇（諡号）1,ぶんぶてんのう１,697,文武天皇（諡号）,ぶんぶてんのう,1,１,丁,ひのと,酉,とり,0,
６９８,文武天皇（諡号）2,ぶんぶてんのう２,698,文武天皇（諡号）,ぶんぶてんのう,2,２,戊,つちのえ,戌,いぬ,,
６９９,文武天皇（諡号）3,ぶんぶてんのう３,699,文武天皇（諡号）,ぶんぶてんのう,3,３,己,つちのと,亥,いのしし,,
７００,文武天皇（諡号）4,ぶんぶてんのう４,700,文武天皇（諡号）,ぶんぶてんのう,4,４,庚,かのえ,子,ねずみ,,
７０１,文武天皇（諡号）5,ぶんぶてんのう５,701,文武天皇（諡号）,ぶんぶてんのう,5,５,辛,かのと,丑,うし,0,大宝律令制定
７０１,大宝1,たいほう１,701,大宝,たいほう,1,１,辛,かのと,丑,うし,0,大宝律令制定
７０２,大宝2,たいほう２,702,大宝,たいほう,2,２,壬,みずのえ,寅,とら,,
７０３,大宝3,たいほう３,703,大宝,たいほう,3,３,癸,みずのと,卯,うさぎ,,
７０４,大宝4,たいほう４,704,大宝,たいほう,4,４,甲,きのえ,辰,たつ,0,
７０４,慶雲1,きょううん１,704,慶雲,きょううん,1,１,甲,きのえ,辰,たつ,0,
７０５,慶雲2,きょううん２,705,慶雲,きょううん,2,２,乙,きのと,巳,へび,,
７０６,慶雲3,きょううん３,706,慶雲,きょううん,3,３,丙,ひのえ,午,うま,,
７０７,慶雲4,きょううん４,707,慶雲,きょううん,4,４,丁,ひのと,未,ひつじ,,
７０８,慶雲5,きょううん５,708,慶雲,きょううん,5,５,戊,つちのえ,申,さる,0,
７０４,慶雲1,けいうん１,704,慶雲,けいうん,1,１,甲,きのえ,辰,たつ,0,
７０５,慶雲2,けいうん２,705,慶雲,けいうん,2,２,乙,きのと,巳,へび,,
７０６,慶雲3,けいうん３,706,慶雲,けいうん,3,３,丙,ひのえ,午,うま,,
７０７,慶雲4,けいうん４,707,慶雲,けいうん,4,４,丁,ひのと,未,ひつじ,,
７０８,慶雲5,けいうん５,708,慶雲,けいうん,5,５,戊,つちのえ,申,さる,0,
７０８,和銅1,わどう１,708,和銅,わどう,1,１,戊,つちのえ,申,さる,0,
７０９,和銅2,わどう２,709,和銅,わどう,2,２,己,つちのと,酉,とり,,
７１０,和銅3,わどう３,710,和銅,わどう,3,３,庚,かのえ,戌,いぬ,,平城京遷都
７１１,和銅4,わどう４,711,和銅,わどう,4,４,辛,かのと,亥,いのしし,,
７１２,和銅5,わどう５,712,和銅,わどう,5,５,壬,みずのえ,子,ねずみ,,
７１３,和銅6,わどう６,713,和銅,わどう,6,６,癸,みずのと,丑,うし,,
７１４,和銅7,わどう７,714,和銅,わどう,7,７,甲,きのえ,寅,とら,,
７１５,和銅8,わどう８,715,和銅,わどう,8,８,乙,きのと,卯,うさぎ,奈良時代,
７１５,霊亀1,れいき１,715,霊亀,れいき,1,１,乙,きのと,卯,うさぎ,奈良時代,
７１６,霊亀2,れいき２,716,霊亀,れいき,2,２,丙,ひのえ,辰,たつ,,
７１７,霊亀3,れいき３,717,霊亀,れいき,3,３,丁,ひのと,巳,へび,0,
７１７,養老1,ようろう１,717,養老,ようろう,1,１,丁,ひのと,巳,へび,0,
７１８,養老2,ようろう２,718,養老,ようろう,2,２,戊,つちのえ,午,うま,,
７１９,養老3,ようろう３,719,養老,ようろう,3,３,己,つちのと,未,ひつじ,,
７２０,養老4,ようろう４,720,養老,ようろう,4,４,庚,かのえ,申,さる,,日本書記作成
７２１,養老5,ようろう５,721,養老,ようろう,5,５,辛,かのと,酉,とり,,
７２２,養老6,ようろう６,722,養老,ようろう,6,６,壬,みずのえ,戌,いぬ,,
７２３,養老7,ようろう７,723,養老,ようろう,7,７,癸,みずのと,亥,いのしし,,
７２４,養老8,ようろう８,724,養老,ようろう,8,８,甲,きのえ,子,ねずみ,0,
７２４,神亀1,じんき１,724,神亀,じんき,1,１,甲,きのえ,子,ねずみ,0,
７２５,神亀2,じんき２,725,神亀,じんき,2,２,乙,きのと,丑,うし,,
７２６,神亀3,じんき３,726,神亀,じんき,3,３,丙,ひのえ,寅,とら,,
７２７,神亀4,じんき４,727,神亀,じんき,4,４,丁,ひのと,卯,うさぎ,,
７２８,神亀5,じんき５,728,神亀,じんき,5,５,戊,つちのえ,辰,たつ,,
７２９,神亀6,じんき６,729,神亀,じんき,6,６,己,つちのと,巳,へび,0,長屋王の変
７２９,天平1,てんぴょう１,729,天平,てんぴょう,1,１,己,つちのと,巳,へび,0,長屋王の変
７３０,天平2,てんぴょう２,730,天平,てんぴょう,2,２,庚,かのえ,午,うま,,
７３１,天平3,てんぴょう３,731,天平,てんぴょう,3,３,辛,かのと,未,ひつじ,,
７３２,天平4,てんぴょう４,732,天平,てんぴょう,4,４,壬,みずのえ,申,さる,,
７３３,天平5,てんぴょう５,733,天平,てんぴょう,5,５,癸,みずのと,酉,とり,,
７３４,天平6,てんぴょう６,734,天平,てんぴょう,6,６,甲,きのえ,戌,いぬ,,
７３５,天平7,てんぴょう７,735,天平,てんぴょう,7,７,乙,きのと,亥,いのしし,,
７３６,天平8,てんぴょう８,736,天平,てんぴょう,8,８,丙,ひのえ,子,ねずみ,,
７３７,天平9,てんぴょう９,737,天平,てんぴょう,9,９,丁,ひのと,丑,うし,,
７３８,天平10,てんぴょう１０,738,天平,てんぴょう,10,１０,戊,つちのえ,寅,とら,,
７３９,天平11,てんぴょう１１,739,天平,てんぴょう,11,１１,己,つちのと,卯,うさぎ,,
７４０,天平12,てんぴょう１２,740,天平,てんぴょう,12,１２,庚,かのえ,辰,たつ,,
７４１,天平13,てんぴょう１３,741,天平,てんぴょう,13,１３,辛,かのと,巳,へび,,
７４２,天平14,てんぴょう１４,742,天平,てんぴょう,14,１４,壬,みずのえ,午,うま,,
７４３,天平15,てんぴょう１５,743,天平,てんぴょう,15,１５,癸,みずのと,未,ひつじ,,
７４４,天平16,てんぴょう１６,744,天平,てんぴょう,16,１６,甲,きのえ,申,さる,,
７４５,天平17,てんぴょう１７,745,天平,てんぴょう,17,１７,乙,きのと,酉,とり,,
７４６,天平18,てんぴょう１８,746,天平,てんぴょう,18,１８,丙,ひのえ,戌,いぬ,,
７４７,天平19,てんぴょう１９,747,天平,てんぴょう,19,１９,丁,ひのと,亥,いのしし,,
７４８,天平20,てんぴょう２０,748,天平,てんぴょう,20,２０,戊,つちのえ,子,ねずみ,,
７４９,天平21,てんぴょう２１,749,天平,てんぴょう,21,２１,己,つちのと,丑,うし,0,
７４９,天平感宝1,てんぴょうかんぽう１,749,天平感宝,てんぴょうかんぽう,1,１,己,つちのと,丑,うし,0,
７４９,天平勝宝1,てんぴょうしょうほう１,749,天平勝宝,てんぴょうしょうほう,1,１,己,つちのと,丑,うし,0,
７５０,天平勝宝2,てんぴょうしょうほう２,750,天平勝宝,てんぴょうしょうほう,2,２,庚,かのえ,寅,とら,,
７５１,天平勝宝3,てんぴょうしょうほう３,751,天平勝宝,てんぴょうしょうほう,3,３,辛,かのと,卯,うさぎ,,
７５２,天平勝宝4,てんぴょうしょうほう４,752,天平勝宝,てんぴょうしょうほう,4,４,壬,みずのえ,辰,たつ,,
７５３,天平勝宝5,てんぴょうしょうほう５,753,天平勝宝,てんぴょうしょうほう,5,５,癸,みずのと,巳,へび,,
７５４,天平勝宝6,てんぴょうしょうほう６,754,天平勝宝,てんぴょうしょうほう,6,６,甲,きのえ,午,うま,,
７５５,天平勝宝7,てんぴょうしょうほう７,755,天平勝宝,てんぴょうしょうほう,7,７,乙,きのと,未,ひつじ,,
７５６,天平勝宝8,てんぴょうしょうほう８,756,天平勝宝,てんぴょうしょうほう,8,８,丙,ひのえ,申,さる,,
７５７,天平勝宝9,てんぴょうしょうほう９,757,天平勝宝,てんぴょうしょうほう,9,９,丁,ひのと,酉,とり,0,
７５７,天平宝字1,てんぴょうほうじ１,757,天平宝字,てんぴょうほうじ,1,１,丁,ひのと,酉,とり,0,
７５８,天平宝字2,てんぴょうほうじ２,758,天平宝字,てんぴょうほうじ,2,２,戊,つちのえ,戌,いぬ,,
７５９,天平宝字3,てんぴょうほうじ３,759,天平宝字,てんぴょうほうじ,3,３,己,つちのと,亥,いのしし,,
７６０,天平宝字4,てんぴょうほうじ４,760,天平宝字,てんぴょうほうじ,4,４,庚,かのえ,子,ねずみ,,
７６１,天平宝字5,てんぴょうほうじ５,761,天平宝字,てんぴょうほうじ,5,５,辛,かのと,丑,うし,,
７６２,天平宝字6,てんぴょうほうじ６,762,天平宝字,てんぴょうほうじ,6,６,壬,みずのえ,寅,とら,,
７６３,天平宝字7,てんぴょうほうじ７,763,天平宝字,てんぴょうほうじ,7,７,癸,みずのと,卯,うさぎ,,
７６４,天平宝字8,てんぴょうほうじ８,764,天平宝字,てんぴょうほうじ,8,８,甲,きのえ,辰,たつ,,
７６５,天平宝字9,てんぴょうほうじ９,765,天平宝字,てんぴょうほうじ,9,９,乙,きのと,巳,へび,0,
７６５,天平神護1,てんぴょうじんご１,765,天平神護,てんぴょうじんご,1,１,乙,きのと,巳,へび,0,
７６６,天平神護2,てんぴょうじんご２,766,天平神護,てんぴょうじんご,2,２,丙,ひのえ,午,うま,,
７６７,天平神護3,てんぴょうじんご３,767,天平神護,てんぴょうじんご,3,３,丁,ひのと,未,ひつじ,0,
７６７,神護景雲1,じんごけいうん１,767,神護景雲,じんごけいうん,1,１,丁,ひのと,未,ひつじ,0,
７６８,神護景雲2,じんごけいうん２,768,神護景雲,じんごけいうん,2,２,戊,つちのえ,申,さる,,
７６９,神護景雲3,じんごけいうん３,769,神護景雲,じんごけいうん,3,３,己,つちのと,酉,とり,,
７７０,神護景雲4,じんごけいうん４,770,神護景雲,じんごけいうん,4,４,庚,かのえ,戌,いぬ,0,
７７０,宝亀1,ほうき１,770,宝亀,ほうき,1,１,庚,かのえ,戌,いぬ,0,
７７１,宝亀2,ほうき２,771,宝亀,ほうき,2,２,辛,かのと,亥,いのしし,,
７７２,宝亀3,ほうき３,772,宝亀,ほうき,3,３,壬,みずのえ,子,ねずみ,,
７７３,宝亀4,ほうき４,773,宝亀,ほうき,4,４,癸,みずのと,丑,うし,,
７７４,宝亀5,ほうき５,774,宝亀,ほうき,5,５,甲,きのえ,寅,とら,,
７７５,宝亀6,ほうき６,775,宝亀,ほうき,6,６,乙,きのと,卯,うさぎ,,
７７６,宝亀7,ほうき７,776,宝亀,ほうき,7,７,丙,ひのえ,辰,たつ,,
７７７,宝亀8,ほうき８,777,宝亀,ほうき,8,８,丁,ひのと,巳,へび,,
７７８,宝亀9,ほうき９,778,宝亀,ほうき,9,９,戊,つちのえ,午,うま,,
７７９,宝亀10,ほうき１０,779,宝亀,ほうき,10,１０,己,つちのと,未,ひつじ,,
７８０,宝亀11,ほうき１１,780,宝亀,ほうき,11,１１,庚,かのえ,申,さる,,
７８１,宝亀12,ほうき１２,781,宝亀,ほうき,12,１２,辛,かのと,酉,とり,0,
７８１,天応1,てんおう１,781,天応,てんおう,1,１,辛,かのと,酉,とり,0,
７８２,天応2,てんおう２,782,天応,てんおう,2,２,壬,みずのえ,戌,いぬ,0,
７８２,延暦1,えんりゃく１,782,延暦,えんりゃく,1,１,壬,みずのえ,戌,いぬ,0,
７８３,延暦2,えんりゃく２,783,延暦,えんりゃく,2,２,癸,みずのと,亥,いのしし,,
７８４,延暦3,えんりゃく３,784,延暦,えんりゃく,3,３,甲,きのえ,子,ねずみ,,
７８５,延暦4,えんりゃく４,785,延暦,えんりゃく,4,４,乙,きのと,丑,うし,,
７８６,延暦5,えんりゃく５,786,延暦,えんりゃく,5,５,丙,ひのえ,寅,とら,,
７８７,延暦6,えんりゃく６,787,延暦,えんりゃく,6,６,丁,ひのと,卯,うさぎ,,
７８８,延暦7,えんりゃく７,788,延暦,えんりゃく,7,７,戊,つちのえ,辰,たつ,,
７８９,延暦8,えんりゃく８,789,延暦,えんりゃく,8,８,己,つちのと,巳,へび,,
７９０,延暦9,えんりゃく９,790,延暦,えんりゃく,9,９,庚,かのえ,午,うま,,
７９１,延暦10,えんりゃく１０,791,延暦,えんりゃく,10,１０,辛,かのと,未,ひつじ,,
７９２,延暦11,えんりゃく１１,792,延暦,えんりゃく,11,１１,壬,みずのえ,申,さる,,
７９３,延暦12,えんりゃく１２,793,延暦,えんりゃく,12,１２,癸,みずのと,酉,とり,,
７９４,延暦13,えんりゃく１３,794,延暦,えんりゃく,13,１３,甲,きのえ,戌,いぬ,,平城京遷都
７９５,延暦14,えんりゃく１４,795,延暦,えんりゃく,14,１４,乙,きのと,亥,いのしし,,
７９６,延暦15,えんりゃく１５,796,延暦,えんりゃく,15,１５,丙,ひのえ,子,ねずみ,,
７９７,延暦16,えんりゃく１６,797,延暦,えんりゃく,16,１６,丁,ひのと,丑,うし,,
７９８,延暦17,えんりゃく１７,798,延暦,えんりゃく,17,１７,戊,つちのえ,寅,とら,,
７９９,延暦18,えんりゃく１８,799,延暦,えんりゃく,18,１８,己,つちのと,卯,うさぎ,,
８００,延暦19,えんりゃく１９,800,延暦,えんりゃく,19,１９,庚,かのえ,辰,たつ,,
８０１,延暦20,えんりゃく２０,801,延暦,えんりゃく,20,２０,辛,かのと,巳,へび,,
８０２,延暦21,えんりゃく２１,802,延暦,えんりゃく,21,２１,壬,みずのえ,午,うま,,
８０３,延暦22,えんりゃく２２,803,延暦,えんりゃく,22,２２,癸,みずのと,未,ひつじ,,
８０４,延暦23,えんりゃく２３,804,延暦,えんりゃく,23,２３,甲,きのえ,申,さる,,遣唐使派遣
８０５,延暦24,えんりゃく２４,805,延暦,えんりゃく,24,２４,乙,きのと,酉,とり,,
８０６,延暦25,えんりゃく２５,806,延暦,えんりゃく,25,２５,丙,ひのえ,戌,いぬ,平安時代,空海真言宗開く
８０６,大同1,だいどう１,806,大同,だいどう,1,１,丙,ひのえ,戌,いぬ,平安時代,空海真言宗開く
８０７,大同2,だいどう２,807,大同,だいどう,2,２,丁,ひのと,亥,いのしし,,
８０８,大同3,だいどう３,808,大同,だいどう,3,３,戊,つちのえ,子,ねずみ,,
８０９,大同4,だいどう４,809,大同,だいどう,4,４,己,つちのと,丑,うし,,
８１０,大同5,だいどう５,810,大同,だいどう,5,５,庚,かのえ,寅,とら,0,
８１０,弘仁1,こうにん１,810,弘仁,こうにん,1,１,庚,かのえ,寅,とら,0,
８１１,弘仁2,こうにん２,811,弘仁,こうにん,2,２,辛,かのと,卯,うさぎ,,
８１２,弘仁3,こうにん３,812,弘仁,こうにん,3,３,壬,みずのえ,辰,たつ,,
８１３,弘仁4,こうにん４,813,弘仁,こうにん,4,４,癸,みずのと,巳,へび,,
８１４,弘仁5,こうにん５,814,弘仁,こうにん,5,５,甲,きのえ,午,うま,,
８１５,弘仁6,こうにん６,815,弘仁,こうにん,6,６,乙,きのと,未,ひつじ,,
８１６,弘仁7,こうにん７,816,弘仁,こうにん,7,７,丙,ひのえ,申,さる,,
８１７,弘仁8,こうにん８,817,弘仁,こうにん,8,８,丁,ひのと,酉,とり,,
８１８,弘仁9,こうにん９,818,弘仁,こうにん,9,９,戊,つちのえ,戌,いぬ,,
８１９,弘仁10,こうにん１０,819,弘仁,こうにん,10,１０,己,つちのと,亥,いのしし,,
８２０,弘仁11,こうにん１１,820,弘仁,こうにん,11,１１,庚,かのえ,子,ねずみ,,
８２１,弘仁12,こうにん１２,821,弘仁,こうにん,12,１２,辛,かのと,丑,うし,,
８２２,弘仁13,こうにん１３,822,弘仁,こうにん,13,１３,壬,みずのえ,寅,とら,,
８２３,弘仁14,こうにん１４,823,弘仁,こうにん,14,１４,癸,みずのと,卯,うさぎ,,
８２４,弘仁15,こうにん１５,824,弘仁,こうにん,15,１５,甲,きのえ,辰,たつ,0,
８２４,天長1,てんちょう１,824,天長,てんちょう,1,１,甲,きのえ,辰,たつ,0,
８２５,天長2,てんちょう２,825,天長,てんちょう,2,２,乙,きのと,巳,へび,,
８２６,天長3,てんちょう３,826,天長,てんちょう,3,３,丙,ひのえ,午,うま,,
８２７,天長4,てんちょう４,827,天長,てんちょう,4,４,丁,ひのと,未,ひつじ,,
８２８,天長5,てんちょう５,828,天長,てんちょう,5,５,戊,つちのえ,申,さる,,
８２９,天長6,てんちょう６,829,天長,てんちょう,6,６,己,つちのと,酉,とり,,
８３０,天長7,てんちょう７,830,天長,てんちょう,7,７,庚,かのえ,戌,いぬ,,
８３１,天長8,てんちょう８,831,天長,てんちょう,8,８,辛,かのと,亥,いのしし,,
８３２,天長9,てんちょう９,832,天長,てんちょう,9,９,壬,みずのえ,子,ねずみ,,
８３３,天長10,てんちょう１０,833,天長,てんちょう,10,１０,癸,みずのと,丑,うし,,
８３４,天長11,てんちょう１１,834,天長,てんちょう,11,１１,甲,きのえ,寅,とら,0,
８３４,承和1,しょうわ１,834,承和,しょうわ,1,１,甲,きのえ,寅,とら,0,
８３５,承和2,しょうわ２,835,承和,しょうわ,2,２,乙,きのと,卯,うさぎ,,
８３６,承和3,しょうわ３,836,承和,しょうわ,3,３,丙,ひのえ,辰,たつ,,
８３７,承和4,しょうわ４,837,承和,しょうわ,4,４,丁,ひのと,巳,へび,,
８３８,承和5,しょうわ５,838,承和,しょうわ,5,５,戊,つちのえ,午,うま,,
８３９,承和6,しょうわ６,839,承和,しょうわ,6,６,己,つちのと,未,ひつじ,,
８４０,承和7,しょうわ７,840,承和,しょうわ,7,７,庚,かのえ,申,さる,,
８４１,承和8,しょうわ８,841,承和,しょうわ,8,８,辛,かのと,酉,とり,,
８４２,承和9,しょうわ９,842,承和,しょうわ,9,９,壬,みずのえ,戌,いぬ,,
８４３,承和10,しょうわ１０,843,承和,しょうわ,10,１０,癸,みずのと,亥,いのしし,,
８４４,承和11,しょうわ１１,844,承和,しょうわ,11,１１,甲,きのえ,子,ねずみ,,
８４５,承和12,しょうわ１２,845,承和,しょうわ,12,１２,乙,きのと,丑,うし,,
８４６,承和13,しょうわ１３,846,承和,しょうわ,13,１３,丙,ひのえ,寅,とら,,
８４７,承和14,しょうわ１４,847,承和,しょうわ,14,１４,丁,ひのと,卯,うさぎ,,
８４８,承和15,しょうわ１５,848,承和,しょうわ,15,１５,戊,つちのえ,辰,たつ,0,
８４８,嘉祥1,かしょう１,848,嘉祥,かしょう,1,１,戊,つちのえ,辰,たつ,0,
８４９,嘉祥2,かしょう２,849,嘉祥,かしょう,2,２,己,つちのと,巳,へび,,
８５０,嘉祥3,かしょう３,850,嘉祥,かしょう,3,３,庚,かのえ,午,うま,,
８５１,嘉祥4,かしょう４,851,嘉祥,かしょう,4,４,辛,かのと,未,ひつじ,0,
８５１,仁寿1,にんじゅ１,851,仁寿,にんじゅ,1,１,辛,かのと,未,ひつじ,0,
８５２,仁寿2,にんじゅ２,852,仁寿,にんじゅ,2,２,壬,みずのえ,申,さる,,
８５３,仁寿3,にんじゅ３,853,仁寿,にんじゅ,3,３,癸,みずのと,酉,とり,,
８５４,仁寿4,にんじゅ４,854,仁寿,にんじゅ,4,４,甲,きのえ,戌,いぬ,0,
８５４,斉衡1,さいこう１,854,斉衡,さいこう,1,１,甲,きのえ,戌,いぬ,0,
８５５,斉衡2,さいこう２,855,斉衡,さいこう,2,２,乙,きのと,亥,いのしし,,
８５６,斉衡3,さいこう３,856,斉衡,さいこう,3,３,丙,ひのえ,子,ねずみ,,
８５７,斉衡4,さいこう４,857,斉衡,さいこう,4,４,丁,ひのと,丑,うし,0,
８５７,天安1,てんあん１,857,天安,てんあん,1,１,丁,ひのと,丑,うし,0,
８５８,天安2,てんあん２,858,天安,てんあん,2,２,戊,つちのえ,寅,とら,,
８５９,天安3,てんあん３,859,天安,てんあん,3,３,己,つちのと,卯,うさぎ,0,
８５９,貞観1,じょうがん１,859,貞観,じょうがん,1,１,己,つちのと,卯,うさぎ,0,
８６０,貞観2,じょうがん２,860,貞観,じょうがん,2,２,庚,かのえ,辰,たつ,,
８６１,貞観3,じょうがん３,861,貞観,じょうがん,3,３,辛,かのと,巳,へび,,
８６２,貞観4,じょうがん４,862,貞観,じょうがん,4,４,壬,みずのえ,午,うま,,
８６３,貞観5,じょうがん５,863,貞観,じょうがん,5,５,癸,みずのと,未,ひつじ,,
８６４,貞観6,じょうがん６,864,貞観,じょうがん,6,６,甲,きのえ,申,さる,,
８６５,貞観7,じょうがん７,865,貞観,じょうがん,7,７,乙,きのと,酉,とり,,
８６６,貞観8,じょうがん８,866,貞観,じょうがん,8,８,丙,ひのえ,戌,いぬ,,
８６７,貞観9,じょうがん９,867,貞観,じょうがん,9,９,丁,ひのと,亥,いのしし,,
８６８,貞観10,じょうがん１０,868,貞観,じょうがん,10,１０,戊,つちのえ,子,ねずみ,,
８６９,貞観11,じょうがん１１,869,貞観,じょうがん,11,１１,己,つちのと,丑,うし,,
８７０,貞観12,じょうがん１２,870,貞観,じょうがん,12,１２,庚,かのえ,寅,とら,,
８７１,貞観13,じょうがん１３,871,貞観,じょうがん,13,１３,辛,かのと,卯,うさぎ,,
８７２,貞観14,じょうがん１４,872,貞観,じょうがん,14,１４,壬,みずのえ,辰,たつ,,
８７３,貞観15,じょうがん１５,873,貞観,じょうがん,15,１５,癸,みずのと,巳,へび,,
８７４,貞観16,じょうがん１６,874,貞観,じょうがん,16,１６,甲,きのえ,午,うま,,
８７５,貞観17,じょうがん１７,875,貞観,じょうがん,17,１７,乙,きのと,未,ひつじ,,
８７６,貞観18,じょうがん１８,876,貞観,じょうがん,18,１８,丙,ひのえ,申,さる,,
８７７,貞観19,じょうがん１９,877,貞観,じょうがん,19,１９,丁,ひのと,酉,とり,0,
８７７,元慶1,がんきょう１,877,元慶,がんきょう,1,１,丁,ひのと,酉,とり,0,
８７８,元慶2,がんきょう２,878,元慶,がんきょう,2,２,戊,つちのえ,戌,いぬ,,
８７９,元慶3,がんきょう３,879,元慶,がんきょう,3,３,己,つちのと,亥,いのしし,,
８８０,元慶4,がんきょう４,880,元慶,がんきょう,4,４,庚,かのえ,子,ねずみ,,
８８１,元慶5,がんきょう５,881,元慶,がんきょう,5,５,辛,かのと,丑,うし,,
８８２,元慶6,がんきょう６,882,元慶,がんきょう,6,６,壬,みずのえ,寅,とら,,
８８３,元慶7,がんきょう７,883,元慶,がんきょう,7,７,癸,みずのと,卯,うさぎ,,
８８４,元慶8,がんきょう８,884,元慶,がんきょう,8,８,甲,きのえ,辰,たつ,,
８８５,元慶9,がんきょう９,885,元慶,がんきょう,9,９,乙,きのと,巳,へび,0,
８８５,仁和1,にんな１,885,仁和,にんな,1,１,乙,きのと,巳,へび,0,
８８６,仁和2,にんな２,886,仁和,にんな,2,２,丙,ひのえ,午,うま,,
８８７,仁和3,にんな３,887,仁和,にんな,3,３,丁,ひのと,未,ひつじ,,
８８８,仁和4,にんな４,888,仁和,にんな,4,４,戊,つちのえ,申,さる,,
８８９,仁和5,にんな５,889,仁和,にんな,5,５,己,つちのと,酉,とり,0,
８８９,寛平1,かんぴょう１,889,寛平,かんぴょう,1,１,己,つちのと,酉,とり,0,
８９０,寛平2,かんぴょう２,890,寛平,かんぴょう,2,２,庚,かのえ,戌,いぬ,,
８９１,寛平3,かんぴょう３,891,寛平,かんぴょう,3,３,辛,かのと,亥,いのしし,,
８９２,寛平4,かんぴょう４,892,寛平,かんぴょう,4,４,壬,みずのえ,子,ねずみ,,
８９３,寛平5,かんぴょう５,893,寛平,かんぴょう,5,５,癸,みずのと,丑,うし,,
８９４,寛平6,かんぴょう６,894,寛平,かんぴょう,6,６,甲,きのえ,寅,とら,,
８９５,寛平7,かんぴょう７,895,寛平,かんぴょう,7,７,乙,きのと,卯,うさぎ,,
８９６,寛平8,かんぴょう８,896,寛平,かんぴょう,8,８,丙,ひのえ,辰,たつ,,
８９７,寛平9,かんぴょう９,897,寛平,かんぴょう,9,９,丁,ひのと,巳,へび,,
８９８,寛平10,かんぴょう１０,898,寛平,かんぴょう,10,１０,戊,つちのえ,午,うま,0,
８９８,昌泰1,しょうたい１,898,昌泰,しょうたい,1,１,戊,つちのえ,午,うま,0,
８９９,昌泰2,しょうたい２,899,昌泰,しょうたい,2,２,己,つちのと,未,ひつじ,,
９００,昌泰3,しょうたい３,900,昌泰,しょうたい,3,３,庚,かのえ,申,さる,,
９０１,昌泰4,しょうたい４,901,昌泰,しょうたい,4,４,辛,かのと,酉,とり,0,菅原道真・太宰府に左遷される
９０１,延喜1,えんぎ１,901,延喜,えんぎ,1,１,辛,かのと,酉,とり,0,菅原道真・太宰府に左遷される
９０２,延喜2,えんぎ２,902,延喜,えんぎ,2,２,壬,みずのえ,戌,いぬ,,
９０３,延喜3,えんぎ３,903,延喜,えんぎ,3,３,癸,みずのと,亥,いのしし,,
９０４,延喜4,えんぎ４,904,延喜,えんぎ,4,４,甲,きのえ,子,ねずみ,,
９０５,延喜5,えんぎ５,905,延喜,えんぎ,5,５,乙,きのと,丑,うし,,
９０６,延喜6,えんぎ６,906,延喜,えんぎ,6,６,丙,ひのえ,寅,とら,,
９０７,延喜7,えんぎ７,907,延喜,えんぎ,7,７,丁,ひのと,卯,うさぎ,,
９０８,延喜8,えんぎ８,908,延喜,えんぎ,8,８,戊,つちのえ,辰,たつ,,
９０９,延喜9,えんぎ９,909,延喜,えんぎ,9,９,己,つちのと,巳,へび,,
９１０,延喜10,えんぎ１０,910,延喜,えんぎ,10,１０,庚,かのえ,午,うま,,
９１１,延喜11,えんぎ１１,911,延喜,えんぎ,11,１１,辛,かのと,未,ひつじ,,
９１２,延喜12,えんぎ１２,912,延喜,えんぎ,12,１２,壬,みずのえ,申,さる,,
９１３,延喜13,えんぎ１３,913,延喜,えんぎ,13,１３,癸,みずのと,酉,とり,,
９１４,延喜14,えんぎ１４,914,延喜,えんぎ,14,１４,甲,きのえ,戌,いぬ,,
９１５,延喜15,えんぎ１５,915,延喜,えんぎ,15,１５,乙,きのと,亥,いのしし,,
９１６,延喜16,えんぎ１６,916,延喜,えんぎ,16,１６,丙,ひのえ,子,ねずみ,,
９１７,延喜17,えんぎ１７,917,延喜,えんぎ,17,１７,丁,ひのと,丑,うし,,
９１８,延喜18,えんぎ１８,918,延喜,えんぎ,18,１８,戊,つちのえ,寅,とら,,
９１９,延喜19,えんぎ１９,919,延喜,えんぎ,19,１９,己,つちのと,卯,うさぎ,,
９２０,延喜20,えんぎ２０,920,延喜,えんぎ,20,２０,庚,かのえ,辰,たつ,,
９２１,延喜21,えんぎ２１,921,延喜,えんぎ,21,２１,辛,かのと,巳,へび,,
９２２,延喜22,えんぎ２２,922,延喜,えんぎ,22,２２,壬,みずのえ,午,うま,,
９２３,延喜23,えんぎ２３,923,延喜,えんぎ,23,２３,癸,みずのと,未,ひつじ,0,
９２３,延長1,えんちょう１,923,延長,えんちょう,1,１,癸,みずのと,未,ひつじ,0,
９２４,延長2,えんちょう２,924,延長,えんちょう,2,２,甲,きのえ,申,さる,,
９２５,延長3,えんちょう３,925,延長,えんちょう,3,３,乙,きのと,酉,とり,,
９２６,延長4,えんちょう４,926,延長,えんちょう,4,４,丙,ひのえ,戌,いぬ,,
９２７,延長5,えんちょう５,927,延長,えんちょう,5,５,丁,ひのと,亥,いのしし,,
９２８,延長6,えんちょう６,928,延長,えんちょう,6,６,戊,つちのえ,子,ねずみ,,
９２９,延長7,えんちょう７,929,延長,えんちょう,7,７,己,つちのと,丑,うし,,
９３０,延長8,えんちょう８,930,延長,えんちょう,8,８,庚,かのえ,寅,とら,,
９３１,延長9,えんちょう９,931,延長,えんちょう,9,９,辛,かのと,卯,うさぎ,0,
９３１,承平1,しょうへい１,931,承平,しょうへい,1,１,辛,かのと,卯,うさぎ,0,
９３２,承平2,しょうへい２,932,承平,しょうへい,2,２,壬,みずのえ,辰,たつ,,
９３３,承平3,しょうへい３,933,承平,しょうへい,3,３,癸,みずのと,巳,へび,,
９３４,承平4,しょうへい４,934,承平,しょうへい,4,４,甲,きのえ,午,うま,,
９３５,承平5,しょうへい５,935,承平,しょうへい,5,５,乙,きのと,未,ひつじ,,平将門の乱
９３６,承平6,しょうへい６,936,承平,しょうへい,6,６,丙,ひのえ,申,さる,,
９３７,承平7,しょうへい７,937,承平,しょうへい,7,７,丁,ひのと,酉,とり,,
９３８,承平8,しょうへい８,938,承平,しょうへい,8,８,戊,つちのえ,戌,いぬ,0,
９３８,天慶1,てんきょう１,938,天慶,てんきょう,1,１,戊,つちのえ,戌,いぬ,0,
９３９,天慶2,てんきょう２,939,天慶,てんきょう,2,２,己,つちのと,亥,いのしし,,
９４０,天慶3,てんきょう３,940,天慶,てんきょう,3,３,庚,かのえ,子,ねずみ,,
９４１,天慶4,てんきょう４,941,天慶,てんきょう,4,４,辛,かのと,丑,うし,,
９４２,天慶5,てんきょう５,942,天慶,てんきょう,5,５,壬,みずのえ,寅,とら,,
９４３,天慶6,てんきょう６,943,天慶,てんきょう,6,６,癸,みずのと,卯,うさぎ,,
９４４,天慶7,てんきょう７,944,天慶,てんきょう,7,７,甲,きのえ,辰,たつ,,
９４５,天慶8,てんきょう８,945,天慶,てんきょう,8,８,乙,きのと,巳,へび,,
９４６,天慶9,てんきょう９,946,天慶,てんきょう,9,９,丙,ひのえ,午,うま,,
９４７,天慶10,てんきょう１０,947,天慶,てんきょう,10,１０,丁,ひのと,未,ひつじ,0,
９４７,天暦1,てんりゃく１,947,天暦,てんりゃく,1,１,丁,ひのと,未,ひつじ,0,
９４８,天暦2,てんりゃく２,948,天暦,てんりゃく,2,２,戊,つちのえ,申,さる,,
９４９,天暦3,てんりゃく３,949,天暦,てんりゃく,3,３,己,つちのと,酉,とり,,
９５０,天暦4,てんりゃく４,950,天暦,てんりゃく,4,４,庚,かのえ,戌,いぬ,,
９５１,天暦5,てんりゃく５,951,天暦,てんりゃく,5,５,辛,かのと,亥,いのしし,,
９５２,天暦6,てんりゃく６,952,天暦,てんりゃく,6,６,壬,みずのえ,子,ねずみ,,
９５３,天暦7,てんりゃく７,953,天暦,てんりゃく,7,７,癸,みずのと,丑,うし,,
９５４,天暦8,てんりゃく８,954,天暦,てんりゃく,8,８,甲,きのえ,寅,とら,,
９５５,天暦9,てんりゃく９,955,天暦,てんりゃく,9,９,乙,きのと,卯,うさぎ,,
９５６,天暦10,てんりゃく１０,956,天暦,てんりゃく,10,１０,丙,ひのえ,辰,たつ,,
９５７,天暦11,てんりゃく１１,957,天暦,てんりゃく,11,１１,丁,ひのと,巳,へび,0,
９５７,天徳1,てんとく１,957,天徳,てんとく,1,１,丁,ひのと,巳,へび,0,
９５８,天徳2,てんとく２,958,天徳,てんとく,2,２,戊,つちのえ,午,うま,,
９５９,天徳3,てんとく３,959,天徳,てんとく,3,３,己,つちのと,未,ひつじ,,
９６０,天徳4,てんとく４,960,天徳,てんとく,4,４,庚,かのえ,申,さる,,
９６１,天徳5,てんとく５,961,天徳,てんとく,5,５,辛,かのと,酉,とり,0,
９６１,応和1,おうわ１,961,応和,おうわ,1,１,辛,かのと,酉,とり,0,
９６２,応和2,おうわ２,962,応和,おうわ,2,２,壬,みずのえ,戌,いぬ,,
９６３,応和3,おうわ３,963,応和,おうわ,3,３,癸,みずのと,亥,いのしし,,
９６４,応和4,おうわ４,964,応和,おうわ,4,４,甲,きのえ,子,ねずみ,0,
９６４,康保1,こうほう１,964,康保,こうほう,1,１,甲,きのえ,子,ねずみ,0,
９６５,康保2,こうほう２,965,康保,こうほう,2,２,乙,きのと,丑,うし,,
９６６,康保3,こうほう３,966,康保,こうほう,3,３,丙,ひのえ,寅,とら,,
９６７,康保4,こうほう４,967,康保,こうほう,4,４,丁,ひのと,卯,うさぎ,,
９６８,康保5,こうほう５,968,康保,こうほう,5,５,戊,つちのえ,辰,たつ,0,
９６８,安和1,あんな１,968,安和,あんな,1,１,戊,つちのえ,辰,たつ,0,
９６９,安和2,あんな２,969,安和,あんな,2,２,己,つちのと,巳,へび,,
９７０,安和3,あんな３,970,安和,あんな,3,３,庚,かのえ,午,うま,0,
９７０,天禄1,てんろく１,970,天禄,てんろく,1,１,庚,かのえ,午,うま,0,
９７１,天禄2,てんろく２,971,天禄,てんろく,2,２,辛,かのと,未,ひつじ,,
９７２,天禄3,てんろく３,972,天禄,てんろく,3,３,壬,みずのえ,申,さる,,
９７３,天禄4,てんろく４,973,天禄,てんろく,4,４,癸,みずのと,酉,とり,0,
９７３,天延1,てんえん１,973,天延,てんえん,1,１,癸,みずのと,酉,とり,0,
９７４,天延2,てんえん２,974,天延,てんえん,2,２,甲,きのえ,戌,いぬ,,
９７５,天延3,てんえん３,975,天延,てんえん,3,３,乙,きのと,亥,いのしし,,
９７６,天延4,てんえん４,976,天延,てんえん,4,４,丙,ひのえ,子,ねずみ,0,
９７６,貞元1,じょうげん１,976,貞元,じょうげん,1,１,丙,ひのえ,子,ねずみ,0,
９７７,貞元2,じょうげん２,977,貞元,じょうげん,2,２,丁,ひのと,丑,うし,,
９７８,貞元3,じょうげん３,978,貞元,じょうげん,3,３,戊,つちのえ,寅,とら,0,
９７８,天元1,てんげん１,978,天元,てんげん,1,１,戊,つちのえ,寅,とら,0,
９７９,天元2,てんげん２,979,天元,てんげん,2,２,己,つちのと,卯,うさぎ,,
９８０,天元3,てんげん３,980,天元,てんげん,3,３,庚,かのえ,辰,たつ,,
９８１,天元4,てんげん４,981,天元,てんげん,4,４,辛,かのと,巳,へび,,
９８２,天元5,てんげん５,982,天元,てんげん,5,５,壬,みずのえ,午,うま,,
９８３,天元6,てんげん６,983,天元,てんげん,6,６,癸,みずのと,未,ひつじ,0,
９８３,永観1,えいかん１,983,永観,えいかん,1,１,癸,みずのと,未,ひつじ,0,
９８４,永観2,えいかん２,984,永観,えいかん,2,２,甲,きのえ,申,さる,,
９８５,永観3,えいかん３,985,永観,えいかん,3,３,乙,きのと,酉,とり,0,
９８５,寛和1,かんな１,985,寛和,かんな,1,１,乙,きのと,酉,とり,0,
９８６,寛和2,かんな２,986,寛和,かんな,2,２,丙,ひのえ,戌,いぬ,,
９８７,寛和3,かんな３,987,寛和,かんな,3,３,丁,ひのと,亥,いのしし,0,
９８７,永延1,えいえん１,987,永延,えいえん,1,１,丁,ひのと,亥,いのしし,0,
９８８,永延2,えいえん２,988,永延,えいえん,2,２,戊,つちのえ,子,ねずみ,,
９８９,永延3,えいえん３,989,永延,えいえん,3,３,己,つちのと,丑,うし,0,
９８９,永祚1,えいそ１,989,永祚,えいそ,1,１,己,つちのと,丑,うし,0,
９９０,永祚2,えいそ２,990,永祚,えいそ,2,２,庚,かのえ,寅,とら,0,
９９０,正暦1,しょうりゃく１,990,正暦,しょうりゃく,1,１,庚,かのえ,寅,とら,0,
９９１,正暦2,しょうりゃく２,991,正暦,しょうりゃく,2,２,辛,かのと,卯,うさぎ,,
９９２,正暦3,しょうりゃく３,992,正暦,しょうりゃく,3,３,壬,みずのえ,辰,たつ,,
９９３,正暦4,しょうりゃく４,993,正暦,しょうりゃく,4,４,癸,みずのと,巳,へび,,
９９４,正暦5,しょうりゃく５,994,正暦,しょうりゃく,5,５,甲,きのえ,午,うま,,
９９５,正暦6,しょうりゃく６,995,正暦,しょうりゃく,6,６,乙,きのと,未,ひつじ,0,
９９５,長徳1,ちょうとく１,995,長徳,ちょうとく,1,１,乙,きのと,未,ひつじ,0,
９９６,長徳2,ちょうとく２,996,長徳,ちょうとく,2,２,丙,ひのえ,申,さる,,
９９７,長徳3,ちょうとく３,997,長徳,ちょうとく,3,３,丁,ひのと,酉,とり,,
９９８,長徳4,ちょうとく４,998,長徳,ちょうとく,4,４,戊,つちのえ,戌,いぬ,,
９９９,長徳5,ちょうとく５,999,長徳,ちょうとく,5,５,己,つちのと,亥,いのしし,0,
９９９,長保1,ちょうほう１,999,長保,ちょうほう,1,１,己,つちのと,亥,いのしし,0,
１０００,長保2,ちょうほう２,1000,長保,ちょうほう,2,２,庚,かのえ,子,ねずみ,,
１００１,長保3,ちょうほう３,1001,長保,ちょうほう,3,３,辛,かのと,丑,うし,,
１００２,長保4,ちょうほう４,1002,長保,ちょうほう,4,４,壬,みずのえ,寅,とら,,
１００３,長保5,ちょうほう５,1003,長保,ちょうほう,5,５,癸,みずのと,卯,うさぎ,,
１００４,長保6,ちょうほう６,1004,長保,ちょうほう,6,６,甲,きのえ,辰,たつ,0,
１００４,寛弘1,かんこう１,1004,寛弘,かんこう,1,１,甲,きのえ,辰,たつ,0,
１００５,寛弘2,かんこう２,1005,寛弘,かんこう,2,２,乙,きのと,巳,へび,,
１００６,寛弘3,かんこう３,1006,寛弘,かんこう,3,３,丙,ひのえ,午,うま,,
１００７,寛弘4,かんこう４,1007,寛弘,かんこう,4,４,丁,ひのと,未,ひつじ,,
１００８,寛弘5,かんこう５,1008,寛弘,かんこう,5,５,戊,つちのえ,申,さる,,
１００９,寛弘6,かんこう６,1009,寛弘,かんこう,6,６,己,つちのと,酉,とり,,
１０１０,寛弘7,かんこう７,1010,寛弘,かんこう,7,７,庚,かのえ,戌,いぬ,,
１０１１,寛弘8,かんこう８,1011,寛弘,かんこう,8,８,辛,かのと,亥,いのしし,,
１０１２,寛弘9,かんこう９,1012,寛弘,かんこう,9,９,壬,みずのえ,子,ねずみ,0,
１０１２,長和1,ちょうわ１,1012,長和,ちょうわ,1,１,壬,みずのえ,子,ねずみ,0,
１０１３,長和2,ちょうわ２,1013,長和,ちょうわ,2,２,癸,みずのと,丑,うし,,
１０１４,長和3,ちょうわ３,1014,長和,ちょうわ,3,３,甲,きのえ,寅,とら,,
１０１５,長和4,ちょうわ４,1015,長和,ちょうわ,4,４,乙,きのと,卯,うさぎ,,
１０１６,長和5,ちょうわ５,1016,長和,ちょうわ,5,５,丙,ひのえ,辰,たつ,,
１０１７,長和6,ちょうわ６,1017,長和,ちょうわ,6,６,丁,ひのと,巳,へび,0,
１０１７,寛仁1,かんにん１,1017,寛仁,かんにん,1,１,丁,ひのと,巳,へび,0,
１０１８,寛仁2,かんにん２,1018,寛仁,かんにん,2,２,戊,つちのえ,午,うま,,
１０１９,寛仁3,かんにん３,1019,寛仁,かんにん,3,３,己,つちのと,未,ひつじ,,
１０２０,寛仁4,かんにん４,1020,寛仁,かんにん,4,４,庚,かのえ,申,さる,,
１０２１,寛仁5,かんにん５,1021,寛仁,かんにん,5,５,辛,かのと,酉,とり,0,
１０２１,治安1,じあん１,1021,治安,じあん,1,１,辛,かのと,酉,とり,0,
１０２２,治安2,じあん２,1022,治安,じあん,2,２,壬,みずのえ,戌,いぬ,,
１０２３,治安3,じあん３,1023,治安,じあん,3,３,癸,みずのと,亥,いのしし,,
１０２４,治安4,じあん４,1024,治安,じあん,4,４,甲,きのえ,子,ねずみ,0,
１０２４,万寿1,まんじゅ１,1024,万寿,まんじゅ,1,１,甲,きのえ,子,ねずみ,0,
１０２５,万寿2,まんじゅ２,1025,万寿,まんじゅ,2,２,乙,きのと,丑,うし,,
１０２６,万寿3,まんじゅ３,1026,万寿,まんじゅ,3,３,丙,ひのえ,寅,とら,,
１０２７,万寿4,まんじゅ４,1027,万寿,まんじゅ,4,４,丁,ひのと,卯,うさぎ,,
１０２８,万寿5,まんじゅ５,1028,万寿,まんじゅ,5,５,戊,つちのえ,辰,たつ,0,
１０２８,長元1,ちょうげん１,1028,長元,ちょうげん,1,１,戊,つちのえ,辰,たつ,0,
１０２９,長元2,ちょうげん２,1029,長元,ちょうげん,2,２,己,つちのと,巳,へび,,
１０３０,長元3,ちょうげん３,1030,長元,ちょうげん,3,３,庚,かのえ,午,うま,,
１０３１,長元4,ちょうげん４,1031,長元,ちょうげん,4,４,辛,かのと,未,ひつじ,,
１０３２,長元5,ちょうげん５,1032,長元,ちょうげん,5,５,壬,みずのえ,申,さる,,
１０３３,長元6,ちょうげん６,1033,長元,ちょうげん,6,６,癸,みずのと,酉,とり,,
１０３４,長元7,ちょうげん７,1034,長元,ちょうげん,7,７,甲,きのえ,戌,いぬ,,
１０３５,長元8,ちょうげん８,1035,長元,ちょうげん,8,８,乙,きのと,亥,いのしし,,
１０３６,長元9,ちょうげん９,1036,長元,ちょうげん,9,９,丙,ひのえ,子,ねずみ,,
１０３７,長元10,ちょうげん１０,1037,長元,ちょうげん,10,１０,丁,ひのと,丑,うし,0,
１０３７,長暦1,ちょうりゃく１,1037,長暦,ちょうりゃく,1,１,丁,ひのと,丑,うし,0,
１０３８,長暦2,ちょうりゃく２,1038,長暦,ちょうりゃく,2,２,戊,つちのえ,寅,とら,,
１０３９,長暦3,ちょうりゃく３,1039,長暦,ちょうりゃく,3,３,己,つちのと,卯,うさぎ,,
１０４０,長暦4,ちょうりゃく４,1040,長暦,ちょうりゃく,4,４,庚,かのえ,辰,たつ,0,
１０４０,長久1,ちょうきゅう１,1040,長久,ちょうきゅう,1,１,庚,かのえ,辰,たつ,0,
１０４１,長久2,ちょうきゅう２,1041,長久,ちょうきゅう,2,２,辛,かのと,巳,へび,,
１０４２,長久3,ちょうきゅう３,1042,長久,ちょうきゅう,3,３,壬,みずのえ,午,うま,,
１０４３,長久4,ちょうきゅう４,1043,長久,ちょうきゅう,4,４,癸,みずのと,未,ひつじ,,
１０４４,長久5,ちょうきゅう５,1044,長久,ちょうきゅう,5,５,甲,きのえ,申,さる,0,
１０４４,寛徳1,かんとく１,1044,寛徳,かんとく,1,１,甲,きのえ,申,さる,0,
１０４５,寛徳2,かんとく２,1045,寛徳,かんとく,2,２,乙,きのと,酉,とり,,
１０４６,寛徳3,かんとく３,1046,寛徳,かんとく,3,３,丙,ひのえ,戌,いぬ,0,
１０４６,永承1,えいしょう１,1046,永承,えいしょう,1,１,丙,ひのえ,戌,いぬ,0,
１０４７,永承2,えいしょう２,1047,永承,えいしょう,2,２,丁,ひのと,亥,いのしし,,
１０４８,永承3,えいしょう３,1048,永承,えいしょう,3,３,戊,つちのえ,子,ねずみ,,
１０４９,永承4,えいしょう４,1049,永承,えいしょう,4,４,己,つちのと,丑,うし,,
１０５０,永承5,えいしょう５,1050,永承,えいしょう,5,５,庚,かのえ,寅,とら,,
１０５１,永承6,えいしょう６,1051,永承,えいしょう,6,６,辛,かのと,卯,うさぎ,,
１０５２,永承7,えいしょう７,1052,永承,えいしょう,7,７,壬,みずのえ,辰,たつ,,
１０５３,永承8,えいしょう８,1053,永承,えいしょう,8,８,癸,みずのと,巳,へび,0,
１０５３,天喜1,てんぎ１,1053,天喜,てんぎ,1,１,癸,みずのと,巳,へび,0,
１０５４,天喜2,てんぎ２,1054,天喜,てんぎ,2,２,甲,きのえ,午,うま,,
１０５５,天喜3,てんぎ３,1055,天喜,てんぎ,3,３,乙,きのと,未,ひつじ,,
１０５６,天喜4,てんぎ４,1056,天喜,てんぎ,4,４,丙,ひのえ,申,さる,,
１０５７,天喜5,てんぎ５,1057,天喜,てんぎ,5,５,丁,ひのと,酉,とり,,
１０５８,天喜6,てんぎ６,1058,天喜,てんぎ,6,６,戊,つちのえ,戌,いぬ,0,
１０５８,康平1,こうへい１,1058,康平,こうへい,1,１,戊,つちのえ,戌,いぬ,0,
１０５９,康平2,こうへい２,1059,康平,こうへい,2,２,己,つちのと,亥,いのしし,,
１０６０,康平3,こうへい３,1060,康平,こうへい,3,３,庚,かのえ,子,ねずみ,,
１０６１,康平4,こうへい４,1061,康平,こうへい,4,４,辛,かのと,丑,うし,,
１０６２,康平5,こうへい５,1062,康平,こうへい,5,５,壬,みずのえ,寅,とら,,
１０６３,康平6,こうへい６,1063,康平,こうへい,6,６,癸,みずのと,卯,うさぎ,,
１０６４,康平7,こうへい７,1064,康平,こうへい,7,７,甲,きのえ,辰,たつ,,
１０６５,康平8,こうへい８,1065,康平,こうへい,8,８,乙,きのと,巳,へび,0,
１０６５,治暦1,じりゃく１,1065,治暦,じりゃく,1,１,乙,きのと,巳,へび,0,
１０６６,治暦2,じりゃく２,1066,治暦,じりゃく,2,２,丙,ひのえ,午,うま,,
１０６７,治暦3,じりゃく３,1067,治暦,じりゃく,3,３,丁,ひのと,未,ひつじ,,
１０６８,治暦4,じりゃく４,1068,治暦,じりゃく,4,４,戊,つちのえ,申,さる,,
１０６９,治暦5,じりゃく５,1069,治暦,じりゃく,5,５,己,つちのと,酉,とり,0,
１０６９,延久1,えんきゅう１,1069,延久,えんきゅう,1,１,己,つちのと,酉,とり,0,
１０７０,延久2,えんきゅう２,1070,延久,えんきゅう,2,２,庚,かのえ,戌,いぬ,,
１０７１,延久3,えんきゅう３,1071,延久,えんきゅう,3,３,辛,かのと,亥,いのしし,,
１０７２,延久4,えんきゅう４,1072,延久,えんきゅう,4,４,壬,みずのえ,子,ねずみ,,
１０７３,延久5,えんきゅう５,1073,延久,えんきゅう,5,５,癸,みずのと,丑,うし,,
１０７４,延久6,えんきゅう６,1074,延久,えんきゅう,6,６,甲,きのえ,寅,とら,0,
１０７４,承保1,じょうほう１,1074,承保,じょうほう,1,１,甲,きのえ,寅,とら,0,
１０７５,承保2,じょうほう２,1075,承保,じょうほう,2,２,乙,きのと,卯,うさぎ,,
１０７６,承保3,じょうほう３,1076,承保,じょうほう,3,３,丙,ひのえ,辰,たつ,,
１０７７,承保4,じょうほう４,1077,承保,じょうほう,4,４,丁,ひのと,巳,へび,0,
１０７７,承暦1,じょうりゃく１,1077,承暦,じょうりゃく,1,１,丁,ひのと,巳,へび,0,
１０７８,承暦2,じょうりゃく２,1078,承暦,じょうりゃく,2,２,戊,つちのえ,午,うま,,
１０７９,承暦3,じょうりゃく３,1079,承暦,じょうりゃく,3,３,己,つちのと,未,ひつじ,,
１０８０,承暦4,じょうりゃく４,1080,承暦,じょうりゃく,4,４,庚,かのえ,申,さる,,
１０８１,承暦5,じょうりゃく５,1081,承暦,じょうりゃく,5,５,辛,かのと,酉,とり,0,
１０８１,永保1,えいほう１,1081,永保,えいほう,1,１,辛,かのと,酉,とり,0,
１０８２,永保2,えいほう２,1082,永保,えいほう,2,２,壬,みずのえ,戌,いぬ,,
１０８３,永保3,えいほう３,1083,永保,えいほう,3,３,癸,みずのと,亥,いのしし,,
１０８４,永保4,えいほう４,1084,永保,えいほう,4,４,甲,きのえ,子,ねずみ,0,
１０８４,応徳1,おうとく１,1084,応徳,おうとく,1,１,甲,きのえ,子,ねずみ,0,
１０８５,応徳2,おうとく２,1085,応徳,おうとく,2,２,乙,きのと,丑,うし,,
１０８６,応徳3,おうとく３,1086,応徳,おうとく,3,３,丙,ひのえ,寅,とら,,
１０８７,応徳4,おうとく４,1087,応徳,おうとく,4,４,丁,ひのと,卯,うさぎ,0,
１０８７,寛治1,かんじ１,1087,寛治,かんじ,1,１,丁,ひのと,卯,うさぎ,0,
１０８８,寛治2,かんじ２,1088,寛治,かんじ,2,２,戊,つちのえ,辰,たつ,,
１０８９,寛治3,かんじ３,1089,寛治,かんじ,3,３,己,つちのと,巳,へび,,
１０９０,寛治4,かんじ４,1090,寛治,かんじ,4,４,庚,かのえ,午,うま,,
１０９１,寛治5,かんじ５,1091,寛治,かんじ,5,５,辛,かのと,未,ひつじ,,
１０９２,寛治6,かんじ６,1092,寛治,かんじ,6,６,壬,みずのえ,申,さる,,
１０９３,寛治7,かんじ７,1093,寛治,かんじ,7,７,癸,みずのと,酉,とり,,
１０９４,寛治8,かんじ８,1094,寛治,かんじ,8,８,甲,きのえ,戌,いぬ,0,
１０９４,嘉保1,かほう１,1094,嘉保,かほう,1,１,甲,きのえ,戌,いぬ,0,
１０９５,嘉保2,かほう２,1095,嘉保,かほう,2,２,乙,きのと,亥,いのしし,,
１０９６,嘉保3,かほう３,1096,嘉保,かほう,3,３,丙,ひのえ,子,ねずみ,0,
１０９６,永長1,えいちょう１,1096,永長,えいちょう,1,１,丙,ひのえ,子,ねずみ,0,
１０９７,永長2,えいちょう２,1097,永長,えいちょう,2,２,丁,ひのと,丑,うし,0,
１０９７,承徳1,じょうとく１,1097,承徳,じょうとく,1,１,丁,ひのと,丑,うし,0,
１０９８,承徳2,じょうとく２,1098,承徳,じょうとく,2,２,戊,つちのえ,寅,とら,,
１０９９,承徳3,じょうとく３,1099,承徳,じょうとく,3,３,己,つちのと,卯,うさぎ,0,
１０９９,康和1,こうわ１,1099,康和,こうわ,1,１,己,つちのと,卯,うさぎ,0,
１１００,康和2,こうわ２,1100,康和,こうわ,2,２,庚,かのえ,辰,たつ,,
１１０１,康和3,こうわ３,1101,康和,こうわ,3,３,辛,かのと,巳,へび,,
１１０２,康和4,こうわ４,1102,康和,こうわ,4,４,壬,みずのえ,午,うま,,
１１０３,康和5,こうわ５,1103,康和,こうわ,5,５,癸,みずのと,未,ひつじ,,
１１０４,康和6,こうわ６,1104,康和,こうわ,6,６,甲,きのえ,申,さる,0,
１１０４,長治1,ちょうじ１,1104,長治,ちょうじ,1,１,甲,きのえ,申,さる,0,
１１０５,長治2,ちょうじ２,1105,長治,ちょうじ,2,２,乙,きのと,酉,とり,,
１１０６,長治3,ちょうじ３,1106,長治,ちょうじ,3,３,丙,ひのえ,戌,いぬ,0,
１１０６,嘉祥1,かしょう１,1106,嘉祥,かしょう,1,１,丙,ひのえ,戌,いぬ,0,
１１０７,嘉祥2,かしょう２,1107,嘉祥,かしょう,2,２,丁,ひのと,亥,いのしし,,
１１０８,嘉祥3,かしょう３,1108,嘉祥,かしょう,3,３,戊,つちのえ,子,ねずみ,0,
１１０８,天仁1,てんにん１,1108,天仁,てんにん,1,１,戊,つちのえ,子,ねずみ,0,
１１０９,天仁2,てんにん２,1109,天仁,てんにん,2,２,己,つちのと,丑,うし,,
１１１０,天仁3,てんにん３,1110,天仁,てんにん,3,３,庚,かのえ,寅,とら,0,
１１１０,天永1,てんえい１,1110,天永,てんえい,1,１,庚,かのえ,寅,とら,0,
１１１１,天永2,てんえい２,1111,天永,てんえい,2,２,辛,かのと,卯,うさぎ,,
１１１２,天永3,てんえい３,1112,天永,てんえい,3,３,壬,みずのえ,辰,たつ,,
１１１３,天永4,てんえい４,1113,天永,てんえい,4,４,癸,みずのと,巳,へび,0,
１１１３,永久1,えいきゅう１,1113,永久,えいきゅう,1,１,癸,みずのと,巳,へび,0,
１１１４,永久2,えいきゅう２,1114,永久,えいきゅう,2,２,甲,きのえ,午,うま,,
１１１５,永久3,えいきゅう３,1115,永久,えいきゅう,3,３,乙,きのと,未,ひつじ,,
１１１６,永久4,えいきゅう４,1116,永久,えいきゅう,4,４,丙,ひのえ,申,さる,,
１１１７,永久5,えいきゅう５,1117,永久,えいきゅう,5,５,丁,ひのと,酉,とり,,
１１１８,永久6,えいきゅう６,1118,永久,えいきゅう,6,６,戊,つちのえ,戌,いぬ,0,
１１１８,元永1,げんえい１,1118,元永,げんえい,1,１,戊,つちのえ,戌,いぬ,0,
１１１９,元永2,げんえい２,1119,元永,げんえい,2,２,己,つちのと,亥,いのしし,,
１１２０,元永3,げんえい３,1120,元永,げんえい,3,３,庚,かのえ,子,ねずみ,0,
１１２０,保安1,ほうあん１,1120,保安,ほうあん,1,１,庚,かのえ,子,ねずみ,0,
１１２１,保安2,ほうあん２,1121,保安,ほうあん,2,２,辛,かのと,丑,うし,,
１１２２,保安3,ほうあん３,1122,保安,ほうあん,3,３,壬,みずのえ,寅,とら,,
１１２３,保安4,ほうあん４,1123,保安,ほうあん,4,４,癸,みずのと,卯,うさぎ,,
１１２４,保安5,ほうあん５,1124,保安,ほうあん,5,５,甲,きのえ,辰,たつ,0,
１１２４,天治1,てんじ１,1124,天治,てんじ,1,１,甲,きのえ,辰,たつ,0,
１１２５,天治2,てんじ２,1125,天治,てんじ,2,２,乙,きのと,巳,へび,,
１１２６,天治3,てんじ３,1126,天治,てんじ,3,３,丙,ひのえ,午,うま,0,
１１２６,大治1,だいじ１,1126,大治,だいじ,1,１,丙,ひのえ,午,うま,0,
１１２７,大治2,だいじ２,1127,大治,だいじ,2,２,丁,ひのと,未,ひつじ,,
１１２８,大治3,だいじ３,1128,大治,だいじ,3,３,戊,つちのえ,申,さる,,
１１２９,大治4,だいじ４,1129,大治,だいじ,4,４,己,つちのと,酉,とり,,
１１３０,大治5,だいじ５,1130,大治,だいじ,5,５,庚,かのえ,戌,いぬ,,
１１３１,大治6,だいじ６,1131,大治,だいじ,6,６,辛,かのと,亥,いのしし,0,
１１３１,天承1,てんしょう１,1131,天承,てんしょう,1,１,辛,かのと,亥,いのしし,0,
１１３２,天承2,てんしょう２,1132,天承,てんしょう,2,２,壬,みずのえ,子,ねずみ,0,
１１３２,長承1,ちょうしょう１,1132,長承,ちょうしょう,1,１,壬,みずのえ,子,ねずみ,0,
１１３３,長承2,ちょうしょう２,1133,長承,ちょうしょう,2,２,癸,みずのと,丑,うし,,
１１３４,長承3,ちょうしょう３,1134,長承,ちょうしょう,3,３,甲,きのえ,寅,とら,,
１１３５,長承4,ちょうしょう４,1135,長承,ちょうしょう,4,４,乙,きのと,卯,うさぎ,0,
１１３５,保延1,ほうえん１,1135,保延,ほうえん,1,１,乙,きのと,卯,うさぎ,0,
１１３６,保延2,ほうえん２,1136,保延,ほうえん,2,２,丙,ひのえ,辰,たつ,,
１１３７,保延3,ほうえん３,1137,保延,ほうえん,3,３,丁,ひのと,巳,へび,,
１１３８,保延4,ほうえん４,1138,保延,ほうえん,4,４,戊,つちのえ,午,うま,,
１１３９,保延5,ほうえん５,1139,保延,ほうえん,5,５,己,つちのと,未,ひつじ,,
１１４０,保延6,ほうえん６,1140,保延,ほうえん,6,６,庚,かのえ,申,さる,,
１１４１,保延7,ほうえん７,1141,保延,ほうえん,7,７,辛,かのと,酉,とり,0,
１１４１,永治1,えいじ１,1141,永治,えいじ,1,１,辛,かのと,酉,とり,0,
１１４２,永治2,えいじ２,1142,永治,えいじ,2,２,壬,みずのえ,戌,いぬ,0,
１１４２,康治1,こうじ１,1142,康治,こうじ,1,１,壬,みずのえ,戌,いぬ,0,
１１４３,康治2,こうじ２,1143,康治,こうじ,2,２,癸,みずのと,亥,いのしし,,
１１４４,康治3,こうじ３,1144,康治,こうじ,3,３,甲,きのえ,子,ねずみ,0,
１１４４,天養1,てんよう１,1144,天養,てんよう,1,１,甲,きのえ,子,ねずみ,0,
１１４５,天養2,てんよう２,1145,天養,てんよう,2,２,乙,きのと,丑,うし,0,
１１４５,久安1,きゅうあん１,1145,久安,きゅうあん,1,１,乙,きのと,丑,うし,0,
１１４６,久安2,きゅうあん２,1146,久安,きゅうあん,2,２,丙,ひのえ,寅,とら,,
１１４７,久安3,きゅうあん３,1147,久安,きゅうあん,3,３,丁,ひのと,卯,うさぎ,,
１１４８,久安4,きゅうあん４,1148,久安,きゅうあん,4,４,戊,つちのえ,辰,たつ,,
１１４９,久安5,きゅうあん５,1149,久安,きゅうあん,5,５,己,つちのと,巳,へび,,
１１５０,久安6,きゅうあん６,1150,久安,きゅうあん,6,６,庚,かのえ,午,うま,,
１１５１,久安7,きゅうあん７,1151,久安,きゅうあん,7,７,辛,かのと,未,ひつじ,0,
１１５１,仁平1,にんぴょう１,1151,仁平,にんぴょう,1,１,辛,かのと,未,ひつじ,0,
１１５２,仁平2,にんぴょう２,1152,仁平,にんぴょう,2,２,壬,みずのえ,申,さる,,
１１５３,仁平3,にんぴょう３,1153,仁平,にんぴょう,3,３,癸,みずのと,酉,とり,,
１１５４,仁平4,にんぴょう４,1154,仁平,にんぴょう,4,４,甲,きのえ,戌,いぬ,0,
１１５４,久寿1,きゅうじゅ１,1154,久寿,きゅうじゅ,1,１,甲,きのえ,戌,いぬ,0,
１１５５,久寿2,きゅうじゅ２,1155,久寿,きゅうじゅ,2,２,乙,きのと,亥,いのしし,,
１１５６,久寿3,きゅうじゅ３,1156,久寿,きゅうじゅ,3,３,丙,ひのえ,子,ねずみ,0,
１１５６,保元1,ほうげん１,1156,保元,ほうげん,1,１,丙,ひのえ,子,ねずみ,0,
１１５７,保元2,ほうげん２,1157,保元,ほうげん,2,２,丁,ひのと,丑,うし,,
１１５８,保元3,ほうげん３,1158,保元,ほうげん,3,３,戊,つちのえ,寅,とら,,
１１５９,保元4,ほうげん４,1159,保元,ほうげん,4,４,己,つちのと,卯,うさぎ,0,平治の乱
１１５９,平治1,へいじ１,1159,平治,へいじ,1,１,己,つちのと,卯,うさぎ,0,平治の乱
１１６０,平治2,へいじ２,1160,平治,へいじ,2,２,庚,かのえ,辰,たつ,0,
１１６０,永暦1,えいりゃく１,1160,永暦,えいりゃく,1,１,庚,かのえ,辰,たつ,0,
１１６１,永暦2,えいりゃく２,1161,永暦,えいりゃく,2,２,辛,かのと,巳,へび,0,
１１６１,応保1,おうほう１,1161,応保,おうほう,1,１,辛,かのと,巳,へび,0,
１１６２,応保2,おうほう２,1162,応保,おうほう,2,２,壬,みずのえ,午,うま,,
１１６３,応保3,おうほう３,1163,応保,おうほう,3,３,癸,みずのと,未,ひつじ,0,
１１６３,長寛1,ちょうかん１,1163,長寛,ちょうかん,1,１,癸,みずのと,未,ひつじ,0,
１１６４,長寛2,ちょうかん２,1164,長寛,ちょうかん,2,２,甲,きのえ,申,さる,,
１１６５,長寛3,ちょうかん３,1165,長寛,ちょうかん,3,３,乙,きのと,酉,とり,0,
１１６５,永万1,えいまん１,1165,永万,えいまん,1,１,乙,きのと,酉,とり,0,
１１６６,永万2,えいまん２,1166,永万,えいまん,2,２,丙,ひのえ,戌,いぬ,0,
１１６６,仁安1,にんあん１,1166,仁安,にんあん,1,１,丙,ひのえ,戌,いぬ,0,
１１６７,仁安2,にんあん２,1167,仁安,にんあん,2,２,丁,ひのと,亥,いのしし,,
１１６８,仁安3,にんあん３,1168,仁安,にんあん,3,３,戊,つちのえ,子,ねずみ,,
１１６９,仁安4,にんあん４,1169,仁安,にんあん,4,４,己,つちのと,丑,うし,0,
１１６９,嘉応1,かおう１,1169,嘉応,かおう,1,１,己,つちのと,丑,うし,0,
１１７０,嘉応2,かおう２,1170,嘉応,かおう,2,２,庚,かのえ,寅,とら,,
１１７１,嘉応3,かおう３,1171,嘉応,かおう,3,３,辛,かのと,卯,うさぎ,0,
１１７１,承安1,しょうあん１,1171,承安,しょうあん,1,１,辛,かのと,卯,うさぎ,0,
１１７２,承安2,しょうあん２,1172,承安,しょうあん,2,２,壬,みずのえ,辰,たつ,,
１１７３,承安3,しょうあん３,1173,承安,しょうあん,3,３,癸,みずのと,巳,へび,,
１１７４,承安4,しょうあん４,1174,承安,しょうあん,4,４,甲,きのえ,午,うま,,
１１７５,承安5,しょうあん５,1175,承安,しょうあん,5,５,乙,きのと,未,ひつじ,0,
１１７５,安元1,あんげん１,1175,安元,あんげん,1,１,乙,きのと,未,ひつじ,0,
１１７６,安元2,あんげん２,1176,安元,あんげん,2,２,丙,ひのえ,申,さる,,
１１７７,安元3,あんげん３,1177,安元,あんげん,3,３,丁,ひのと,酉,とり,0,
１１７７,治承1,じしょう１,1177,治承,じしょう,1,１,丁,ひのと,酉,とり,0,
１１７８,治承2,じしょう２,1178,治承,じしょう,2,２,戊,つちのえ,戌,いぬ,,
１１７９,治承3,じしょう３,1179,治承,じしょう,3,３,己,つちのと,亥,いのしし,,
１１８０,治承4,じしょう４,1180,治承,じしょう,4,４,庚,かのえ,子,ねずみ,,
１１８１,治承5,じしょう５,1181,治承,じしょう,5,５,辛,かのと,丑,うし,0,
１１８１,養和1,ようわ１,1181,養和,ようわ,1,１,辛,かのと,丑,うし,0,
１１８２,養和2,ようわ２,1182,養和,ようわ,2,２,壬,みずのえ,寅,とら,0,
１１８２,寿永1,じゅえい１,1182,寿永,じゅえい,1,１,壬,みずのえ,寅,とら,0,
１１８３,寿永2,じゅえい２,1183,寿永,じゅえい,2,２,癸,みずのと,卯,うさぎ,,
１１８４,寿永3,じゅえい３,1184,寿永,じゅえい,3,３,甲,きのえ,辰,たつ,0,
１１８４,元暦1,げんりゃく１,1184,元暦,げんりゃく,1,１,甲,きのえ,辰,たつ,0,
１１８５,元暦2,げんりゃく２,1185,元暦,げんりゃく,2,２,乙,きのと,巳,へび,0,
１１８５,文治1,ぶんじ１,1185,文治,ぶんじ,1,１,乙,きのと,巳,へび,0,
１１８６,文治2,ぶんじ２,1186,文治,ぶんじ,2,２,丙,ひのえ,午,うま,,
１１８７,文治3,ぶんじ３,1187,文治,ぶんじ,3,３,丁,ひのと,未,ひつじ,,
１１８８,文治4,ぶんじ４,1188,文治,ぶんじ,4,４,戊,つちのえ,申,さる,,
１１８９,文治5,ぶんじ５,1189,文治,ぶんじ,5,５,己,つちのと,酉,とり,,
１１９０,文治6,ぶんじ６,1190,文治,ぶんじ,6,６,庚,かのえ,戌,いぬ,0,
１１９０,建久1,けんきゅう１,1190,建久,けんきゅう,1,１,庚,かのえ,戌,いぬ,0,
１１９１,建久2,けんきゅう２,1191,建久,けんきゅう,2,２,辛,かのと,亥,いのしし,,
１１９２,建久3,けんきゅう３,1192,建久,けんきゅう,3,３,壬,みずのえ,子,ねずみ,,源頼朝　征夷大将軍になる
１１９３,建久4,けんきゅう４,1193,建久,けんきゅう,4,４,癸,みずのと,丑,うし,,
１１９４,建久5,けんきゅう５,1194,建久,けんきゅう,5,５,甲,きのえ,寅,とら,,
１１９５,建久6,けんきゅう６,1195,建久,けんきゅう,6,６,乙,きのと,卯,うさぎ,,
１１９６,建久7,けんきゅう７,1196,建久,けんきゅう,7,７,丙,ひのえ,辰,たつ,,
１１９７,建久8,けんきゅう８,1197,建久,けんきゅう,8,８,丁,ひのと,巳,へび,,
１１９８,建久9,けんきゅう９,1198,建久,けんきゅう,9,９,戊,つちのえ,午,うま,,
１１９９,建久10,けんきゅう１０,1199,建久,けんきゅう,10,１０,己,つちのと,未,ひつじ,0,
１１９９,正治1,しょうじ１,1199,正治,しょうじ,1,１,己,つちのと,未,ひつじ,0,
１２００,正治2,しょうじ２,1200,正治,しょうじ,2,２,庚,かのえ,申,さる,,
１２０１,正治3,しょうじ３,1201,正治,しょうじ,3,３,辛,かのと,酉,とり,0,
１２０１,建仁1,けんにん１,1201,建仁,けんにん,1,１,辛,かのと,酉,とり,0,
１２０２,建仁2,けんにん２,1202,建仁,けんにん,2,２,壬,みずのえ,戌,いぬ,,
１２０３,建仁3,けんにん３,1203,建仁,けんにん,3,３,癸,みずのと,亥,いのしし,,北条政子　執権になる
１２０４,建仁4,けんにん４,1204,建仁,けんにん,4,４,甲,きのえ,子,ねずみ,鎌倉時代,
１２０４,元久1,げんきゅう１,1204,元久,げんきゅう,1,１,甲,きのえ,子,ねずみ,鎌倉時代,
１２０５,元久2,げんきゅう２,1205,元久,げんきゅう,2,２,乙,きのと,丑,うし,,
１２０６,元久3,げんきゅう３,1206,元久,げんきゅう,3,３,丙,ひのえ,寅,とら,0,
１２０６,建永1,けんえい１,1206,建永,けんえい,1,１,丙,ひのえ,寅,とら,0,
１２０７,建永2,けんえい２,1207,建永,けんえい,2,２,丁,ひのと,卯,うさぎ,0,
１２０７,承元1,しょうげん１,1207,承元,しょうげん,1,１,丁,ひのと,卯,うさぎ,0,
１２０８,承元2,しょうげん２,1208,承元,しょうげん,2,２,戊,つちのえ,辰,たつ,,
１２０９,承元3,しょうげん３,1209,承元,しょうげん,3,３,己,つちのと,巳,へび,,
１２１０,承元4,しょうげん４,1210,承元,しょうげん,4,４,庚,かのえ,午,うま,,
１２１１,承元5,しょうげん５,1211,承元,しょうげん,5,５,辛,かのと,未,ひつじ,0,
１２０７,貞元1,じょうげん１,1207,貞元,じょうげん,1,１,丁,ひのと,卯,うさぎ,0,
１２０８,貞元2,じょうげん２,1208,貞元,じょうげん,2,２,戊,つちのえ,辰,たつ,,
１２０９,貞元3,じょうげん３,1209,貞元,じょうげん,3,３,己,つちのと,巳,へび,,
１２１０,貞元4,じょうげん４,1210,貞元,じょうげん,4,４,庚,かのえ,午,うま,,
１２１１,貞元5,じょうげん５,1211,貞元,じょうげん,5,５,辛,かのと,未,ひつじ,0,
１２１１,建暦1,けんりゃく１,1211,建暦,けんりゃく,1,１,辛,かのと,未,ひつじ,0,
１２１２,建暦2,けんりゃく２,1212,建暦,けんりゃく,2,２,壬,みずのえ,申,さる,,
１２１３,建暦3,けんりゃく３,1213,建暦,けんりゃく,3,３,癸,みずのと,酉,とり,0,
１２１３,建保1,けんぽう１,1213,建保,けんぽう,1,１,癸,みずのと,酉,とり,0,
１２１４,建保2,けんぽう２,1214,建保,けんぽう,2,２,甲,きのえ,戌,いぬ,,
１２１５,建保3,けんぽう３,1215,建保,けんぽう,3,３,乙,きのと,亥,いのしし,,
１２１６,建保4,けんぽう４,1216,建保,けんぽう,4,４,丙,ひのえ,子,ねずみ,,
１２１７,建保5,けんぽう５,1217,建保,けんぽう,5,５,丁,ひのと,丑,うし,,
１２１８,建保6,けんぽう６,1218,建保,けんぽう,6,６,戊,つちのえ,寅,とら,,
１２１９,建保7,けんぽう７,1219,建保,けんぽう,7,７,己,つちのと,卯,うさぎ,0,
１２１９,承久1,じょうきゅう１,1219,承久,じょうきゅう,1,１,己,つちのと,卯,うさぎ,0,
１２２０,承久2,じょうきゅう２,1220,承久,じょうきゅう,2,２,庚,かのえ,辰,たつ,,
１２２１,承久3,じょうきゅう３,1221,承久,じょうきゅう,3,３,辛,かのと,巳,へび,,
１２２２,承久4,じょうきゅう４,1222,承久,じょうきゅう,4,４,壬,みずのえ,午,うま,0,
１２２２,貞応1,じょうおう１,1222,貞応,じょうおう,1,１,壬,みずのえ,午,うま,0,
１２２３,貞応2,じょうおう２,1223,貞応,じょうおう,2,２,癸,みずのと,未,ひつじ,,
１２２４,貞応3,じょうおう３,1224,貞応,じょうおう,3,３,甲,きのえ,申,さる,0,
１２２４,元仁1,げんにん１,1224,元仁,げんにん,1,１,甲,きのえ,申,さる,0,
１２２５,元仁2,げんにん２,1225,元仁,げんにん,2,２,乙,きのと,酉,とり,0,
１２２５,嘉禄1,かろく１,1225,嘉禄,かろく,1,１,乙,きのと,酉,とり,0,
１２２６,嘉禄2,かろく２,1226,嘉禄,かろく,2,２,丙,ひのえ,戌,いぬ,,
１２２７,嘉禄3,かろく３,1227,嘉禄,かろく,3,３,丁,ひのと,亥,いのしし,0,
１２２７,安貞1,あんてい１,1227,安貞,あんてい,1,１,丁,ひのと,亥,いのしし,0,
１２２８,安貞2,あんてい２,1228,安貞,あんてい,2,２,戊,つちのえ,子,ねずみ,,
１２２９,安貞3,あんてい３,1229,安貞,あんてい,3,３,己,つちのと,丑,うし,0,
１２２９,寛喜1,かんき１,1229,寛喜,かんき,1,１,己,つちのと,丑,うし,0,
１２３０,寛喜2,かんき２,1230,寛喜,かんき,2,２,庚,かのえ,寅,とら,,
１２３１,寛喜3,かんき３,1231,寛喜,かんき,3,３,辛,かのと,卯,うさぎ,,
１２３２,寛喜4,かんき４,1232,寛喜,かんき,4,４,壬,みずのえ,辰,たつ,0,
１２３２,貞永1,じょうえい１,1232,貞永,じょうえい,1,１,壬,みずのえ,辰,たつ,0,
１２３３,貞永2,じょうえい２,1233,貞永,じょうえい,2,２,癸,みずのと,巳,へび,0,
１２３３,天福1,てんぷく１,1233,天福,てんぷく,1,１,癸,みずのと,巳,へび,0,
１２３４,天福2,てんぷく２,1234,天福,てんぷく,2,２,甲,きのえ,午,うま,0,
１２３４,文暦1,ぶんりゃく１,1234,文暦,ぶんりゃく,1,１,甲,きのえ,午,うま,0,
１２３５,文暦2,ぶんりゃく２,1235,文暦,ぶんりゃく,2,２,乙,きのと,未,ひつじ,0,
１２３５,嘉禎1,かてい１,1235,嘉禎,かてい,1,１,乙,きのと,未,ひつじ,0,
１２３６,嘉禎2,かてい２,1236,嘉禎,かてい,2,２,丙,ひのえ,申,さる,,
１２３７,嘉禎3,かてい３,1237,嘉禎,かてい,3,３,丁,ひのと,酉,とり,,
１２３８,嘉禎4,かてい４,1238,嘉禎,かてい,4,４,戊,つちのえ,戌,いぬ,0,
１２３８,暦仁1,りゃくにん１,1238,暦仁,りゃくにん,1,１,戊,つちのえ,戌,いぬ,0,
１２３９,暦仁2,りゃくにん２,1239,暦仁,りゃくにん,2,２,己,つちのと,亥,いのしし,0,
１２３９,延応1,えんおう１,1239,延応,えんおう,1,１,己,つちのと,亥,いのしし,0,
１２４０,延応2,えんおう２,1240,延応,えんおう,2,２,庚,かのえ,子,ねずみ,0,
１２４０,仁治1,にんじ１,1240,仁治,にんじ,1,１,庚,かのえ,子,ねずみ,0,
１２４１,仁治2,にんじ２,1241,仁治,にんじ,2,２,辛,かのと,丑,うし,,
１２４２,仁治3,にんじ３,1242,仁治,にんじ,3,３,壬,みずのえ,寅,とら,,
１２４３,仁治4,にんじ４,1243,仁治,にんじ,4,４,癸,みずのと,卯,うさぎ,0,
１２４３,寛元1,かんげん１,1243,寛元,かんげん,1,１,癸,みずのと,卯,うさぎ,0,
１２４４,寛元2,かんげん２,1244,寛元,かんげん,2,２,甲,きのえ,辰,たつ,,
１２４５,寛元3,かんげん３,1245,寛元,かんげん,3,３,乙,きのと,巳,へび,,
１２４６,寛元4,かんげん４,1246,寛元,かんげん,4,４,丙,ひのえ,午,うま,,
１２４７,寛元5,かんげん５,1247,寛元,かんげん,5,５,丁,ひのと,未,ひつじ,0,
１２４７,宝治1,ほうじ１,1247,宝治,ほうじ,1,１,丁,ひのと,未,ひつじ,0,
１２４８,宝治2,ほうじ２,1248,宝治,ほうじ,2,２,戊,つちのえ,申,さる,,
１２４９,宝治3,ほうじ３,1249,宝治,ほうじ,3,３,己,つちのと,酉,とり,0,
１２４９,建長1,けんちょう１,1249,建長,けんちょう,1,１,己,つちのと,酉,とり,0,
１２５０,建長2,けんちょう２,1250,建長,けんちょう,2,２,庚,かのえ,戌,いぬ,,
１２５１,建長3,けんちょう３,1251,建長,けんちょう,3,３,辛,かのと,亥,いのしし,,
１２５２,建長4,けんちょう４,1252,建長,けんちょう,4,４,壬,みずのえ,子,ねずみ,,
１２５３,建長5,けんちょう５,1253,建長,けんちょう,5,５,癸,みずのと,丑,うし,,
１２５４,建長6,けんちょう６,1254,建長,けんちょう,6,６,甲,きのえ,寅,とら,,
１２５５,建長7,けんちょう７,1255,建長,けんちょう,7,７,乙,きのと,卯,うさぎ,,
１２５６,建長8,けんちょう８,1256,建長,けんちょう,8,８,丙,ひのえ,辰,たつ,0,
１２５６,康元1,こうげん１,1256,康元,こうげん,1,１,丙,ひのえ,辰,たつ,0,
１２５７,康元2,こうげん２,1257,康元,こうげん,2,２,丁,ひのと,巳,へび,0,
１２５７,正嘉1,しょうか１,1257,正嘉,しょうか,1,１,丁,ひのと,巳,へび,0,
１２５８,正嘉2,しょうか２,1258,正嘉,しょうか,2,２,戊,つちのえ,午,うま,,
１２５９,正嘉3,しょうか３,1259,正嘉,しょうか,3,３,己,つちのと,未,ひつじ,0,
１２５９,承元1,しょうげん１,1259,承元,しょうげん,1,１,己,つちのと,未,ひつじ,0,
１２６０,承元2,しょうげん２,1260,承元,しょうげん,2,２,庚,かのえ,申,さる,0,
１２６０,文応1,ぶんおう１,1260,文応,ぶんおう,1,１,庚,かのえ,申,さる,0,
１２６１,文応2,ぶんおう２,1261,文応,ぶんおう,2,２,辛,かのと,酉,とり,0,
１２６１,弘長1,こうちょう１,1261,弘長,こうちょう,1,１,辛,かのと,酉,とり,0,
１２６２,弘長2,こうちょう２,1262,弘長,こうちょう,2,２,壬,みずのえ,戌,いぬ,,
１２６３,弘長3,こうちょう３,1263,弘長,こうちょう,3,３,癸,みずのと,亥,いのしし,,
１２６４,弘長4,こうちょう４,1264,弘長,こうちょう,4,４,甲,きのえ,子,ねずみ,0,
１２６４,文永1,ぶんえい１,1264,文永,ぶんえい,1,１,甲,きのえ,子,ねずみ,0,
１２６５,文永2,ぶんえい２,1265,文永,ぶんえい,2,２,乙,きのと,丑,うし,,
１２６６,文永3,ぶんえい３,1266,文永,ぶんえい,3,３,丙,ひのえ,寅,とら,,
１２６７,文永4,ぶんえい４,1267,文永,ぶんえい,4,４,丁,ひのと,卯,うさぎ,,
１２６８,文永5,ぶんえい５,1268,文永,ぶんえい,5,５,戊,つちのえ,辰,たつ,,
１２６９,文永6,ぶんえい６,1269,文永,ぶんえい,6,６,己,つちのと,巳,へび,,
１２７０,文永7,ぶんえい７,1270,文永,ぶんえい,7,７,庚,かのえ,午,うま,,
１２７１,文永8,ぶんえい８,1271,文永,ぶんえい,8,８,辛,かのと,未,ひつじ,,
１２７２,文永9,ぶんえい９,1272,文永,ぶんえい,9,９,壬,みずのえ,申,さる,,
１２７３,文永10,ぶんえい１０,1273,文永,ぶんえい,10,１０,癸,みずのと,酉,とり,,
１２７４,文永11,ぶんえい１１,1274,文永,ぶんえい,11,１１,甲,きのえ,戌,いぬ,,
１２７５,文永12,ぶんえい１２,1275,文永,ぶんえい,12,１２,乙,きのと,亥,いのしし,0,
１２７５,建治1,けんじ１,1275,建治,けんじ,1,１,乙,きのと,亥,いのしし,0,
１２７６,建治2,けんじ２,1276,建治,けんじ,2,２,丙,ひのえ,子,ねずみ,,
１２７７,建治3,けんじ３,1277,建治,けんじ,3,３,丁,ひのと,丑,うし,,
１２７８,建治4,けんじ４,1278,建治,けんじ,4,４,戊,つちのえ,寅,とら,0,
１２７８,弘安1,こうあん１,1278,弘安,こうあん,1,１,戊,つちのえ,寅,とら,0,
１２７９,弘安2,こうあん２,1279,弘安,こうあん,2,２,己,つちのと,卯,うさぎ,,
１２８０,弘安3,こうあん３,1280,弘安,こうあん,3,３,庚,かのえ,辰,たつ,,
１２８１,弘安4,こうあん４,1281,弘安,こうあん,4,４,辛,かのと,巳,へび,,第一次蒙古襲来
１２８２,弘安5,こうあん５,1282,弘安,こうあん,5,５,壬,みずのえ,午,うま,,
１２８３,弘安6,こうあん６,1283,弘安,こうあん,6,６,癸,みずのと,未,ひつじ,,
１２８４,弘安7,こうあん７,1284,弘安,こうあん,7,７,甲,きのえ,申,さる,,
１２８５,弘安8,こうあん８,1285,弘安,こうあん,8,８,乙,きのと,酉,とり,,
１２８６,弘安9,こうあん９,1286,弘安,こうあん,9,９,丙,ひのえ,戌,いぬ,,
１２８７,弘安10,こうあん１０,1287,弘安,こうあん,10,１０,丁,ひのと,亥,いのしし,,
１２８８,弘安11,こうあん１１,1288,弘安,こうあん,11,１１,戊,つちのえ,子,ねずみ,0,
１２８８,正応1,しょうおう１,1288,正応,しょうおう,1,１,戊,つちのえ,子,ねずみ,0,
１２８９,正応2,しょうおう２,1289,正応,しょうおう,2,２,己,つちのと,丑,うし,,
１２９０,正応3,しょうおう３,1290,正応,しょうおう,3,３,庚,かのえ,寅,とら,,
１２９１,正応4,しょうおう４,1291,正応,しょうおう,4,４,辛,かのと,卯,うさぎ,,
１２９２,正応5,しょうおう５,1292,正応,しょうおう,5,５,壬,みずのえ,辰,たつ,,
１２９３,正応6,しょうおう６,1293,正応,しょうおう,6,６,癸,みずのと,巳,へび,0,
１２９３,永仁1,えいにん１,1293,永仁,えいにん,1,１,癸,みずのと,巳,へび,0,
１２９４,永仁2,えいにん２,1294,永仁,えいにん,2,２,甲,きのえ,午,うま,,
１２９５,永仁3,えいにん３,1295,永仁,えいにん,3,３,乙,きのと,未,ひつじ,,
１２９６,永仁4,えいにん４,1296,永仁,えいにん,4,４,丙,ひのえ,申,さる,,
１２９７,永仁5,えいにん５,1297,永仁,えいにん,5,５,丁,ひのと,酉,とり,,
１２９８,永仁6,えいにん６,1298,永仁,えいにん,6,６,戊,つちのえ,戌,いぬ,,
１２９９,永仁7,えいにん７,1299,永仁,えいにん,7,７,己,つちのと,亥,いのしし,0,
１２９９,承安1,しょうあん１,1299,承安,しょうあん,1,１,己,つちのと,亥,いのしし,0,
１３００,承安2,しょうあん２,1300,承安,しょうあん,2,２,庚,かのえ,子,ねずみ,,
１３０１,承安3,しょうあん３,1301,承安,しょうあん,3,３,辛,かのと,丑,うし,,
１３０２,承安4,しょうあん４,1302,承安,しょうあん,4,４,壬,みずのえ,寅,とら,0,
１３０２,乾元1,けんげん１,1302,乾元,けんげん,1,１,壬,みずのえ,寅,とら,0,
１３０３,乾元2,けんげん２,1303,乾元,けんげん,2,２,癸,みずのと,卯,うさぎ,南北朝時代,
１３０３,嘉元1,かげん１,1303,嘉元,かげん,1,１,癸,みずのと,卯,うさぎ,南北朝時代,
１３０４,嘉元2,かげん２,1304,嘉元,かげん,2,２,甲,きのえ,辰,たつ,,
１３０５,嘉元3,かげん３,1305,嘉元,かげん,3,３,乙,きのと,巳,へび,,
１３０６,嘉元4,かげん４,1306,嘉元,かげん,4,４,丙,ひのえ,午,うま,0,
１３０６,徳治1,とくじ１,1306,徳治,とくじ,1,１,丙,ひのえ,午,うま,0,
１３０７,徳治2,とくじ２,1307,徳治,とくじ,2,２,丁,ひのと,未,ひつじ,,
１３０８,徳治3,とくじ３,1308,徳治,とくじ,3,３,戊,つちのえ,申,さる,0,
１３０８,延慶1,えんきょう１,1308,延慶,えんきょう,1,１,戊,つちのえ,申,さる,0,
１３０９,延慶2,えんきょう２,1309,延慶,えんきょう,2,２,己,つちのと,酉,とり,,
１３１０,延慶3,えんきょう３,1310,延慶,えんきょう,3,３,庚,かのえ,戌,いぬ,,
１３１１,延慶4,えんきょう４,1311,延慶,えんきょう,4,４,辛,かのと,亥,いのしし,0,
１３１１,応長1,おうちょう１,1311,応長,おうちょう,1,１,辛,かのと,亥,いのしし,0,
１３１２,応長2,おうちょう２,1312,応長,おうちょう,2,２,壬,みずのえ,子,ねずみ,0,
１３１２,正和1,しょうわ１,1312,正和,しょうわ,1,１,壬,みずのえ,子,ねずみ,0,
１３１３,正和2,しょうわ２,1313,正和,しょうわ,2,２,癸,みずのと,丑,うし,,
１３１４,正和3,しょうわ３,1314,正和,しょうわ,3,３,甲,きのえ,寅,とら,,
１３１５,正和4,しょうわ４,1315,正和,しょうわ,4,４,乙,きのと,卯,うさぎ,,
１３１６,正和5,しょうわ５,1316,正和,しょうわ,5,５,丙,ひのえ,辰,たつ,,
１３１７,正和6,しょうわ６,1317,正和,しょうわ,6,６,丁,ひのと,巳,へび,0,
１３１７,文保1,ぶんぽう１,1317,文保,ぶんぽう,1,１,丁,ひのと,巳,へび,0,
１３１８,文保2,ぶんぽう２,1318,文保,ぶんぽう,2,２,戊,つちのえ,午,うま,,
１３１９,文保3,ぶんぽう３,1319,文保,ぶんぽう,3,３,己,つちのと,未,ひつじ,0,
１３１９,元応1,げんおう１,1319,元応,げんおう,1,１,己,つちのと,未,ひつじ,0,
１３２０,元応2,げんおう２,1320,元応,げんおう,2,２,庚,かのえ,申,さる,,
１３２１,元応3,げんおう３,1321,元応,げんおう,3,３,辛,かのと,酉,とり,0,
１３２１,元亨1,げんこう１,1321,元亨,げんこう,1,１,辛,かのと,酉,とり,0,
１３２２,元亨2,げんこう２,1322,元亨,げんこう,2,２,壬,みずのえ,戌,いぬ,,
１３２３,元亨3,げんこう３,1323,元亨,げんこう,3,３,癸,みずのと,亥,いのしし,,
１３２４,元亨4,げんこう４,1324,元亨,げんこう,4,４,甲,きのえ,子,ねずみ,0,
１３２４,正中1,しょうちゅう１,1324,正中,しょうちゅう,1,１,甲,きのえ,子,ねずみ,0,
１３２５,正中2,しょうちゅう２,1325,正中,しょうちゅう,2,２,乙,きのと,丑,うし,,
１３２６,正中3,しょうちゅう３,1326,正中,しょうちゅう,3,３,丙,ひのえ,寅,とら,0,
１３２６,嘉暦1,かりゃく１,1326,嘉暦,かりゃく,1,１,丙,ひのえ,寅,とら,0,
１３２７,嘉暦2,かりゃく２,1327,嘉暦,かりゃく,2,２,丁,ひのと,卯,うさぎ,,
１３２８,嘉暦3,かりゃく３,1328,嘉暦,かりゃく,3,３,戊,つちのえ,辰,たつ,,
１３２９,嘉暦4,かりゃく４,1329,嘉暦,かりゃく,4,４,己,つちのと,巳,へび,0,
１３２９,元徳1,げんとく１,1329,元徳,げんとく,1,１,己,つちのと,巳,へび,0,
１３３０,元徳2,げんとく２,1330,元徳,げんとく,2,２,庚,かのえ,午,うま,,
１３３１,元徳3,げんとく３,1331,元徳,げんとく,3,３,辛,かのと,未,ひつじ,0,楠正成　挙兵
１３２９,元徳（北朝）1,げんとくほく１,1329,元徳（北朝）,げんとくほく,1,１,己,つちのと,巳,へび,0,
１３３０,元徳（北朝）2,げんとくほく２,1330,元徳（北朝）,げんとくほく,2,２,庚,かのえ,午,うま,,
１３３１,元徳（北朝）3,げんとくほく３,1331,元徳（北朝）,げんとくほく,3,３,辛,かのと,未,ひつじ,0,楠正成　挙兵
１３３２,元徳（北朝）4,げんとくほく４,1332,元徳（北朝）,げんとくほく,4,４,壬,みずのえ,申,さる,0,
１３３１,元亨1,げんこう１,1331,元亨,げんこう,1,１,辛,かのと,未,ひつじ,0,楠正成　挙兵
１３３２,元亨2,げんこう２,1332,元亨,げんこう,2,２,壬,みずのえ,申,さる,0,
１３３３,元亨3,げんこう３,1333,元亨,げんこう,3,３,癸,みずのと,酉,とり,,
１３３４,元亨4,げんこう４,1334,元亨,げんこう,4,４,甲,きのえ,戌,いぬ,0,
１３３２,正慶（北朝）1,しょうきょう１,1332,正慶（北朝）,しょうきょう,1,１,壬,みずのえ,申,さる,0,
１３３３,正慶（北朝）2,しょうきょう２,1333,正慶（北朝）,しょうきょう,2,２,癸,みずのと,酉,とり,,
１３３４,正慶（北朝）3,しょうきょう３,1334,正慶（北朝）,しょうきょう,3,３,甲,きのえ,戌,いぬ,0,
１３３４,建武（南朝）1,けんむなん１,1334,建武（南朝）,けんむなん,1,１,甲,きのえ,戌,いぬ,0,
１３３５,建武（南朝）2,けんむなん２,1335,建武（南朝）,けんむなん,2,２,乙,きのと,亥,いのしし,,
１３３６,建武（南朝）3,けんむなん３,1336,建武（南朝）,けんむなん,3,３,丙,ひのえ,子,ねずみ,0,
１３３４,建武（北朝）1,けんむほく１,1334,建武（北朝）,けんむほく,1,１,甲,きのえ,戌,いぬ,0,
１３３５,建武（北朝）2,けんむほく２,1335,建武（北朝）,けんむほく,2,２,乙,きのと,亥,いのしし,,
１３３６,建武（北朝）3,けんむほく３,1336,建武（北朝）,けんむほく,3,３,丙,ひのえ,子,ねずみ,0,
１３３７,建武（北朝）4,けんむほく４,1337,建武（北朝）,けんむほく,4,４,丁,ひのと,丑,うし,,
１３３８,建武（北朝）5,けんむほく５,1338,建武（北朝）,けんむほく,5,５,戊,つちのえ,寅,とら,0,足利尊氏　征夷大将軍になる
１３３６,延元（南朝）1,えんげん１,1336,延元（南朝）,えんげん,1,１,丙,ひのえ,子,ねずみ,0,
１３３７,延元（南朝）2,えんげん２,1337,延元（南朝）,えんげん,2,２,丁,ひのと,丑,うし,,
１３３８,延元（南朝）3,えんげん３,1338,延元（南朝）,えんげん,3,３,戊,つちのえ,寅,とら,0,足利尊氏　征夷大将軍になる
１３３９,延元（南朝）4,えんげん４,1339,延元（南朝）,えんげん,4,４,己,つちのと,卯,うさぎ,,
１３４０,延元（南朝）5,えんげん５,1340,延元（南朝）,えんげん,5,５,庚,かのえ,辰,たつ,0,
１３３８,暦応（北朝）1,りゃくおう１,1338,暦応（北朝）,りゃくおう,1,１,戊,つちのえ,寅,とら,0,足利尊氏　征夷大将軍になる
１３３９,暦応（北朝）2,りゃくおう２,1339,暦応（北朝）,りゃくおう,2,２,己,つちのと,卯,うさぎ,,
１３４０,暦応（北朝）3,りゃくおう３,1340,暦応（北朝）,りゃくおう,3,３,庚,かのえ,辰,たつ,0,
１３４１,暦応（北朝）4,りゃくおう４,1341,暦応（北朝）,りゃくおう,4,４,辛,かのと,巳,へび,,
１３４２,暦応（北朝）5,りゃくおう５,1342,暦応（北朝）,りゃくおう,5,５,壬,みずのえ,午,うま,0,
１３４０,興国（南朝）1,こうこく１,1340,興国（南朝）,こうこく,1,１,庚,かのえ,辰,たつ,0,
１３４１,興国（南朝）2,こうこく２,1341,興国（南朝）,こうこく,2,２,辛,かのと,巳,へび,,
１３４２,興国（南朝）3,こうこく３,1342,興国（南朝）,こうこく,3,３,壬,みずのえ,午,うま,0,
１３４３,興国（南朝）4,こうこく４,1343,興国（南朝）,こうこく,4,４,癸,みずのと,未,ひつじ,,
１３４４,興国（南朝）5,こうこく５,1344,興国（南朝）,こうこく,5,５,甲,きのえ,申,さる,,
１３４５,興国（南朝）6,こうこく６,1345,興国（南朝）,こうこく,6,６,乙,きのと,酉,とり,0,
１３４６,興国（南朝）7,こうこく７,1346,興国（南朝）,こうこく,7,７,丙,ひのえ,戌,いぬ,0,
１３４２,康永（北朝）1,こうえい１,1342,康永（北朝）,こうえい,1,１,壬,みずのえ,午,うま,0,
１３４３,康永（北朝）2,こうえい２,1343,康永（北朝）,こうえい,2,２,癸,みずのと,未,ひつじ,,
１３４４,康永（北朝）3,こうえい３,1344,康永（北朝）,こうえい,3,３,甲,きのえ,申,さる,,
１３４５,康永（北朝）4,こうえい４,1345,康永（北朝）,こうえい,4,４,乙,きのと,酉,とり,0,
１３４５,承和1,じょうわ１,1345,承和,じょうわ,1,１,乙,きのと,酉,とり,0,
１３４６,承和2,じょうわ２,1346,承和,じょうわ,2,２,丙,ひのえ,戌,いぬ,0,
１３４７,承和3,じょうわ３,1347,承和,じょうわ,3,３,丁,ひのと,亥,いのしし,,
１３４８,承和4,じょうわ４,1348,承和,じょうわ,4,４,戊,つちのえ,子,ねずみ,,
１３４９,承和5,じょうわ５,1349,承和,じょうわ,5,５,己,つちのと,丑,うし,,
１３５０,承和6,じょうわ６,1350,承和,じょうわ,6,６,庚,かのえ,寅,とら,0,
１３４６,承平1,しょうへい１,1346,承平,しょうへい,1,１,丙,ひのえ,戌,いぬ,0,
１３４７,承平2,しょうへい２,1347,承平,しょうへい,2,２,丁,ひのと,亥,いのしし,,
１３４８,承平3,しょうへい３,1348,承平,しょうへい,3,３,戊,つちのえ,子,ねずみ,,
１３４９,承平4,しょうへい４,1349,承平,しょうへい,4,４,己,つちのと,丑,うし,,
１３５０,承平5,しょうへい５,1350,承平,しょうへい,5,５,庚,かのえ,寅,とら,0,
１３５１,承平6,しょうへい６,1351,承平,しょうへい,6,６,辛,かのと,卯,うさぎ,,
１３５２,承平7,しょうへい７,1352,承平,しょうへい,7,７,壬,みずのえ,辰,たつ,0,
１３５３,承平8,しょうへい８,1353,承平,しょうへい,8,８,癸,みずのと,巳,へび,,
１３５４,承平9,しょうへい９,1354,承平,しょうへい,9,９,甲,きのえ,午,うま,,
１３５５,承平10,しょうへい１０,1355,承平,しょうへい,10,１０,乙,きのと,未,ひつじ,,
１３５６,承平11,しょうへい１１,1356,承平,しょうへい,11,１１,丙,ひのえ,申,さる,0,
１３５７,承平12,しょうへい１２,1357,承平,しょうへい,12,１２,丁,ひのと,酉,とり,,
１３５８,承平13,しょうへい１３,1358,承平,しょうへい,13,１３,戊,つちのえ,戌,いぬ,,
１３５９,承平14,しょうへい１４,1359,承平,しょうへい,14,１４,己,つちのと,亥,いのしし,,
１３６０,承平15,しょうへい１５,1360,承平,しょうへい,15,１５,庚,かのえ,子,ねずみ,,
１３６１,承平16,しょうへい１６,1361,承平,しょうへい,16,１６,辛,かのと,丑,うし,0,
１３６２,承平17,しょうへい１７,1362,承平,しょうへい,17,１７,壬,みずのえ,寅,とら,0,
１３６３,承平18,しょうへい１８,1363,承平,しょうへい,18,１８,癸,みずのと,卯,うさぎ,,
１３６４,承平19,しょうへい１９,1364,承平,しょうへい,19,１９,甲,きのえ,辰,たつ,,
１３６５,承平20,しょうへい２０,1365,承平,しょうへい,20,２０,乙,きのと,巳,へび,,
１３６６,承平21,しょうへい２１,1366,承平,しょうへい,21,２１,丙,ひのえ,午,うま,,
１３６７,承平22,しょうへい２２,1367,承平,しょうへい,22,２２,丁,ひのと,未,ひつじ,,
１３６８,承平23,しょうへい２３,1368,承平,しょうへい,23,２３,戊,つちのえ,申,さる,0,
１３６９,承平24,しょうへい２４,1369,承平,しょうへい,24,２４,己,つちのと,酉,とり,,
１３７０,承平25,しょうへい２５,1370,承平,しょうへい,25,２５,庚,かのえ,戌,いぬ,0,
１３５０,観応（北朝）1,かんおう１,1350,観応（北朝）,かんおう,1,１,庚,かのえ,寅,とら,0,
１３５１,観応（北朝）2,かんおう２,1351,観応（北朝）,かんおう,2,２,辛,かのと,卯,うさぎ,,
１３５２,観応（北朝）3,かんおう３,1352,観応（北朝）,かんおう,3,３,壬,みずのえ,辰,たつ,0,
１３５２,文和（北朝）1,ぶんな１,1352,文和（北朝）,ぶんな,1,１,壬,みずのえ,辰,たつ,0,
１３５３,文和（北朝）2,ぶんな２,1353,文和（北朝）,ぶんな,2,２,癸,みずのと,巳,へび,,
１３５４,文和（北朝）3,ぶんな３,1354,文和（北朝）,ぶんな,3,３,甲,きのえ,午,うま,,
１３５５,文和（北朝）4,ぶんな４,1355,文和（北朝）,ぶんな,4,４,乙,きのと,未,ひつじ,,
１３５６,文和（北朝）5,ぶんな５,1356,文和（北朝）,ぶんな,5,５,丙,ひのえ,申,さる,0,
１３５６,延文（北朝）1,えんぶん１,1356,延文（北朝）,えんぶん,1,１,丙,ひのえ,申,さる,0,
１３５７,延文（北朝）2,えんぶん２,1357,延文（北朝）,えんぶん,2,２,丁,ひのと,酉,とり,,
１３５８,延文（北朝）3,えんぶん３,1358,延文（北朝）,えんぶん,3,３,戊,つちのえ,戌,いぬ,,
１３５９,延文（北朝）4,えんぶん４,1359,延文（北朝）,えんぶん,4,４,己,つちのと,亥,いのしし,,
１３６０,延文（北朝）5,えんぶん５,1360,延文（北朝）,えんぶん,5,５,庚,かのえ,子,ねずみ,,
１３６１,延文（北朝）6,えんぶん６,1361,延文（北朝）,えんぶん,6,６,辛,かのと,丑,うし,0,
１３６１,弘安1,こうあん１,1361,弘安,こうあん,1,１,辛,かのと,丑,うし,0,
１３６２,弘安2,こうあん２,1362,弘安,こうあん,2,２,壬,みずのえ,寅,とら,0,
１３６２,貞治（北朝）1,じょうじ１,1362,貞治（北朝）,じょうじ,1,１,壬,みずのえ,寅,とら,0,
１３６３,貞治（北朝）2,じょうじ２,1363,貞治（北朝）,じょうじ,2,２,癸,みずのと,卯,うさぎ,,
１３６４,貞治（北朝）3,じょうじ３,1364,貞治（北朝）,じょうじ,3,３,甲,きのえ,辰,たつ,,
１３６５,貞治（北朝）4,じょうじ４,1365,貞治（北朝）,じょうじ,4,４,乙,きのと,巳,へび,,
１３６６,貞治（北朝）5,じょうじ５,1366,貞治（北朝）,じょうじ,5,５,丙,ひのえ,午,うま,,
１３６７,貞治（北朝）6,じょうじ６,1367,貞治（北朝）,じょうじ,6,６,丁,ひのと,未,ひつじ,,
１３６８,貞治（北朝）7,じょうじ７,1368,貞治（北朝）,じょうじ,7,７,戊,つちのえ,申,さる,0,
１３６８,応安（北朝）1,おうあん１,1368,応安（北朝）,おうあん,1,１,戊,つちのえ,申,さる,0,
１３６９,応安（北朝）2,おうあん２,1369,応安（北朝）,おうあん,2,２,己,つちのと,酉,とり,,
１３７０,応安（北朝）3,おうあん３,1370,応安（北朝）,おうあん,3,３,庚,かのえ,戌,いぬ,0,
１３７１,応安（北朝）4,おうあん４,1371,応安（北朝）,おうあん,4,４,辛,かのと,亥,いのしし,,
１３７２,応安（北朝）5,おうあん５,1372,応安（北朝）,おうあん,5,５,壬,みずのえ,子,ねずみ,0,
１３７３,応安（北朝）6,おうあん６,1373,応安（北朝）,おうあん,6,６,癸,みずのと,丑,うし,,
１３７４,応安（北朝）7,おうあん７,1374,応安（北朝）,おうあん,7,７,甲,きのえ,寅,とら,,
１３７５,応安（北朝）8,おうあん８,1375,応安（北朝）,おうあん,8,８,乙,きのと,卯,うさぎ,0,
１３７０,建徳（南朝）1,けんとく１,1370,建徳（南朝）,けんとく,1,１,庚,かのえ,戌,いぬ,0,
１３７１,建徳（南朝）2,けんとく２,1371,建徳（南朝）,けんとく,2,２,辛,かのと,亥,いのしし,,
１３７２,建徳（南朝）3,けんとく３,1372,建徳（南朝）,けんとく,3,３,壬,みずのえ,子,ねずみ,0,
１３７２,文中（南朝）1,ぶんちゅう１,1372,文中（南朝）,ぶんちゅう,1,１,壬,みずのえ,子,ねずみ,0,
１３７３,文中（南朝）2,ぶんちゅう２,1373,文中（南朝）,ぶんちゅう,2,２,癸,みずのと,丑,うし,,
１３７４,文中（南朝）3,ぶんちゅう３,1374,文中（南朝）,ぶんちゅう,3,３,甲,きのえ,寅,とら,,
１３７５,文中（南朝）4,ぶんちゅう４,1375,文中（南朝）,ぶんちゅう,4,４,乙,きのと,卯,うさぎ,0,
１３７５,天授（南朝）1,てんじゅ１,1375,天授（南朝）,てんじゅ,1,１,乙,きのと,卯,うさぎ,0,
１３７６,天授（南朝）2,てんじゅ２,1376,天授（南朝）,てんじゅ,2,２,丙,ひのえ,辰,たつ,,
１３７７,天授（南朝）3,てんじゅ３,1377,天授（南朝）,てんじゅ,3,３,丁,ひのと,巳,へび,,
１３７８,天授（南朝）4,てんじゅ４,1378,天授（南朝）,てんじゅ,4,４,戊,つちのえ,午,うま,,
１３７９,天授（南朝）5,てんじゅ５,1379,天授（南朝）,てんじゅ,5,５,己,つちのと,未,ひつじ,0,
１３８０,天授（南朝）6,てんじゅ６,1380,天授（南朝）,てんじゅ,6,６,庚,かのえ,申,さる,,
１３８１,天授（南朝）7,てんじゅ７,1381,天授（南朝）,てんじゅ,7,７,辛,かのと,酉,とり,0,
１３７５,永和（北朝）1,えいわ１,1375,永和（北朝）,えいわ,1,１,乙,きのと,卯,うさぎ,0,
１３７６,永和（北朝）2,えいわ２,1376,永和（北朝）,えいわ,2,２,丙,ひのえ,辰,たつ,,
１３７７,永和（北朝）3,えいわ３,1377,永和（北朝）,えいわ,3,３,丁,ひのと,巳,へび,,
１３７８,永和（北朝）4,えいわ４,1378,永和（北朝）,えいわ,4,４,戊,つちのえ,午,うま,,
１３７９,永和（北朝）5,えいわ５,1379,永和（北朝）,えいわ,5,５,己,つちのと,未,ひつじ,0,
１３７９,康暦（北朝）1,こうりゃく１,1379,康暦（北朝）,こうりゃく,1,１,己,つちのと,未,ひつじ,0,
１３８０,康暦（北朝）2,こうりゃく２,1380,康暦（北朝）,こうりゃく,2,２,庚,かのえ,申,さる,,
１３８１,康暦（北朝）3,こうりゃく３,1381,康暦（北朝）,こうりゃく,3,３,辛,かのと,酉,とり,0,
１３８１,康和1,こうわ１,1381,康和,こうわ,1,１,辛,かのと,酉,とり,0,
１３８２,康和2,こうわ２,1382,康和,こうわ,2,２,壬,みずのえ,戌,いぬ,,
１３８３,康和3,こうわ３,1383,康和,こうわ,3,３,癸,みずのと,亥,いのしし,,
１３８４,康和4,こうわ４,1384,康和,こうわ,4,４,甲,きのえ,子,ねずみ,0,
１３８１,永徳（北朝）1,えいとく１,1381,永徳（北朝）,えいとく,1,１,辛,かのと,酉,とり,0,
１３８２,永徳（北朝）2,えいとく２,1382,永徳（北朝）,えいとく,2,２,壬,みずのえ,戌,いぬ,,
１３８３,永徳（北朝）3,えいとく３,1383,永徳（北朝）,えいとく,3,３,癸,みずのと,亥,いのしし,,
１３８４,永徳（北朝）4,えいとく４,1384,永徳（北朝）,えいとく,4,４,甲,きのえ,子,ねずみ,0,
１３８４,元中（南朝）1,げんちゅう１,1384,元中（南朝）,げんちゅう,1,１,甲,きのえ,子,ねずみ,0,
１３８５,元中（南朝）2,げんちゅう２,1385,元中（南朝）,げんちゅう,2,２,乙,きのと,丑,うし,,
１３８６,元中（南朝）3,げんちゅう３,1386,元中（南朝）,げんちゅう,3,３,丙,ひのえ,寅,とら,,
１３８７,元中（南朝）4,げんちゅう４,1387,元中（南朝）,げんちゅう,4,４,丁,ひのと,卯,うさぎ,0,
１３８８,元中（南朝）5,げんちゅう５,1388,元中（南朝）,げんちゅう,5,５,戊,つちのえ,辰,たつ,,
１３８９,元中（南朝）6,げんちゅう６,1389,元中（南朝）,げんちゅう,6,６,己,つちのと,巳,へび,0,
１３９０,元中（南朝）7,げんちゅう７,1390,元中（南朝）,げんちゅう,7,７,庚,かのえ,午,うま,0,
１３９１,元中（南朝）8,げんちゅう８,1391,元中（南朝）,げんちゅう,8,８,辛,かのと,未,ひつじ,,
１３９２,元中（南朝）9,げんちゅう９,1392,元中（南朝）,げんちゅう,9,９,壬,みずのえ,申,さる,,南北朝　合一
１３９３,元中（南朝）10,げんちゅう１０,1393,元中（南朝）,げんちゅう,10,１０,癸,みずのと,酉,とり,,
１３８４,至徳（北朝）1,しとく１,1384,至徳（北朝）,しとく,1,１,甲,きのえ,子,ねずみ,0,
１３８５,至徳（北朝）2,しとく２,1385,至徳（北朝）,しとく,2,２,乙,きのと,丑,うし,,
１３８６,至徳（北朝）3,しとく３,1386,至徳（北朝）,しとく,3,３,丙,ひのえ,寅,とら,,
１３８７,至徳（北朝）4,しとく４,1387,至徳（北朝）,しとく,4,４,丁,ひのと,卯,うさぎ,0,
１３８７,嘉慶（北朝）1,かけい１,1387,嘉慶（北朝）,かけい,1,１,丁,ひのと,卯,うさぎ,0,
１３８８,嘉慶（北朝）2,かけい２,1388,嘉慶（北朝）,かけい,2,２,戊,つちのえ,辰,たつ,,
１３８９,嘉慶（北朝）3,かけい３,1389,嘉慶（北朝）,かけい,3,３,己,つちのと,巳,へび,0,
１３８９,康応（北朝）1,こうおう１,1389,康応（北朝）,こうおう,1,１,己,つちのと,巳,へび,0,
１３９０,康応（北朝）2,こうおう２,1390,康応（北朝）,こうおう,2,２,庚,かのえ,午,うま,0,
１３９０,明徳（北朝）1,めいとく１,1390,明徳（北朝）,めいとく,1,１,庚,かのえ,午,うま,0,
１３９１,明徳（北朝）2,めいとく２,1391,明徳（北朝）,めいとく,2,２,辛,かのと,未,ひつじ,,
１３９２,明徳（北朝）3,めいとく３,1392,明徳（北朝）,めいとく,3,３,壬,みずのえ,申,さる,,南北朝　合一
１３９３,明徳（北朝）4,めいとく４,1393,明徳（北朝）,めいとく,4,４,癸,みずのと,酉,とり,,
１３９４,明徳（北朝）5,めいとく５,1394,明徳（北朝）,めいとく,5,５,甲,きのえ,戌,いぬ,0,
１３９４,応永1,おうえい１,1394,応永,おうえい,1,１,甲,きのえ,戌,いぬ,0,
１３９５,応永2,おうえい２,1395,応永,おうえい,2,２,乙,きのと,亥,いのしし,,
１３９６,応永3,おうえい３,1396,応永,おうえい,3,３,丙,ひのえ,子,ねずみ,,
１３９７,応永4,おうえい４,1397,応永,おうえい,4,４,丁,ひのと,丑,うし,,
１３９８,応永5,おうえい５,1398,応永,おうえい,5,５,戊,つちのえ,寅,とら,,
１３９９,応永6,おうえい６,1399,応永,おうえい,6,６,己,つちのと,卯,うさぎ,,
１４００,応永7,おうえい７,1400,応永,おうえい,7,７,庚,かのえ,辰,たつ,,
１４０１,応永8,おうえい８,1401,応永,おうえい,8,８,辛,かのと,巳,へび,,
１４０２,応永9,おうえい９,1402,応永,おうえい,9,９,壬,みずのえ,午,うま,,
１４０３,応永10,おうえい１０,1403,応永,おうえい,10,１０,癸,みずのと,未,ひつじ,,
１４０４,応永11,おうえい１１,1404,応永,おうえい,11,１１,甲,きのえ,申,さる,,
１４０５,応永12,おうえい１２,1405,応永,おうえい,12,１２,乙,きのと,酉,とり,,
１４０６,応永13,おうえい１３,1406,応永,おうえい,13,１３,丙,ひのえ,戌,いぬ,,
１４０７,応永14,おうえい１４,1407,応永,おうえい,14,１４,丁,ひのと,亥,いのしし,,
１４０８,応永15,おうえい１５,1408,応永,おうえい,15,１５,戊,つちのえ,子,ねずみ,,
１４０９,応永16,おうえい１６,1409,応永,おうえい,16,１６,己,つちのと,丑,うし,,
１４１０,応永17,おうえい１７,1410,応永,おうえい,17,１７,庚,かのえ,寅,とら,,
１４１１,応永18,おうえい１８,1411,応永,おうえい,18,１８,辛,かのと,卯,うさぎ,,
１４１２,応永19,おうえい１９,1412,応永,おうえい,19,１９,壬,みずのえ,辰,たつ,,
１４１３,応永20,おうえい２０,1413,応永,おうえい,20,２０,癸,みずのと,巳,へび,,
１４１４,応永21,おうえい２１,1414,応永,おうえい,21,２１,甲,きのえ,午,うま,,
１４１５,応永22,おうえい２２,1415,応永,おうえい,22,２２,乙,きのと,未,ひつじ,,
１４１６,応永23,おうえい２３,1416,応永,おうえい,23,２３,丙,ひのえ,申,さる,,
１４１７,応永24,おうえい２４,1417,応永,おうえい,24,２４,丁,ひのと,酉,とり,,
１４１８,応永25,おうえい２５,1418,応永,おうえい,25,２５,戊,つちのえ,戌,いぬ,,
１４１９,応永26,おうえい２６,1419,応永,おうえい,26,２６,己,つちのと,亥,いのしし,,第二次蒙古襲来
１４２０,応永27,おうえい２７,1420,応永,おうえい,27,２７,庚,かのえ,子,ねずみ,,
１４２１,応永28,おうえい２８,1421,応永,おうえい,28,２８,辛,かのと,丑,うし,,
１４２２,応永29,おうえい２９,1422,応永,おうえい,29,２９,壬,みずのえ,寅,とら,,
１４２３,応永30,おうえい３０,1423,応永,おうえい,30,３０,癸,みずのと,卯,うさぎ,,
１４２４,応永31,おうえい３１,1424,応永,おうえい,31,３１,甲,きのえ,辰,たつ,,
１４２５,応永32,おうえい３２,1425,応永,おうえい,32,３２,乙,きのと,巳,へび,,
１４２６,応永33,おうえい３３,1426,応永,おうえい,33,３３,丙,ひのえ,午,うま,,
１４２７,応永34,おうえい３４,1427,応永,おうえい,34,３４,丁,ひのと,未,ひつじ,,
１４２８,応永35,おうえい３５,1428,応永,おうえい,35,３５,戊,つちのえ,申,さる,室町時代,
１４２８,正長1,しょうちょう１,1428,正長,しょうちょう,1,１,戊,つちのえ,申,さる,室町時代,
１４２９,正長2,しょうちょう２,1429,正長,しょうちょう,2,２,己,つちのと,酉,とり,0,
１４２９,永享1,えいきょう１,1429,永享,えいきょう,1,１,己,つちのと,酉,とり,0,
１４３０,永享2,えいきょう２,1430,永享,えいきょう,2,２,庚,かのえ,戌,いぬ,,
１４３１,永享3,えいきょう３,1431,永享,えいきょう,3,３,辛,かのと,亥,いのしし,,
１４３２,永享4,えいきょう４,1432,永享,えいきょう,4,４,壬,みずのえ,子,ねずみ,,
１４３３,永享5,えいきょう５,1433,永享,えいきょう,5,５,癸,みずのと,丑,うし,,
１４３４,永享6,えいきょう６,1434,永享,えいきょう,6,６,甲,きのえ,寅,とら,,
１４３５,永享7,えいきょう７,1435,永享,えいきょう,7,７,乙,きのと,卯,うさぎ,,
１４３６,永享8,えいきょう８,1436,永享,えいきょう,8,８,丙,ひのえ,辰,たつ,,
１４３７,永享9,えいきょう９,1437,永享,えいきょう,9,９,丁,ひのと,巳,へび,,
１４３８,永享10,えいきょう１０,1438,永享,えいきょう,10,１０,戊,つちのえ,午,うま,,
１４３９,永享11,えいきょう１１,1439,永享,えいきょう,11,１１,己,つちのと,未,ひつじ,,
１４４０,永享12,えいきょう１２,1440,永享,えいきょう,12,１２,庚,かのえ,申,さる,,
１４４１,永享13,えいきょう１３,1441,永享,えいきょう,13,１３,辛,かのと,酉,とり,0,
１４４１,嘉吉1,かきつ１,1441,嘉吉,かきつ,1,１,辛,かのと,酉,とり,0,
１４４２,嘉吉2,かきつ２,1442,嘉吉,かきつ,2,２,壬,みずのえ,戌,いぬ,,
１４４３,嘉吉3,かきつ３,1443,嘉吉,かきつ,3,３,癸,みずのと,亥,いのしし,,
１４４４,嘉吉4,かきつ４,1444,嘉吉,かきつ,4,４,甲,きのえ,子,ねずみ,0,
１４４４,文安1,ぶんあん１,1444,文安,ぶんあん,1,１,甲,きのえ,子,ねずみ,0,
１４４５,文安2,ぶんあん２,1445,文安,ぶんあん,2,２,乙,きのと,丑,うし,,
１４４６,文安3,ぶんあん３,1446,文安,ぶんあん,3,３,丙,ひのえ,寅,とら,,
１４４７,文安4,ぶんあん４,1447,文安,ぶんあん,4,４,丁,ひのと,卯,うさぎ,,
１４４８,文安5,ぶんあん５,1448,文安,ぶんあん,5,５,戊,つちのえ,辰,たつ,,
１４４９,文安6,ぶんあん６,1449,文安,ぶんあん,6,６,己,つちのと,巳,へび,0,
１４４９,宝徳1,ほうとく１,1449,宝徳,ほうとく,1,１,己,つちのと,巳,へび,0,
１４５０,宝徳2,ほうとく２,1450,宝徳,ほうとく,2,２,庚,かのえ,午,うま,,
１４５１,宝徳3,ほうとく３,1451,宝徳,ほうとく,3,３,辛,かのと,未,ひつじ,,
１４５２,宝徳4,ほうとく４,1452,宝徳,ほうとく,4,４,壬,みずのえ,申,さる,0,
１４５２,享徳1,きょうとく１,1452,享徳,きょうとく,1,１,壬,みずのえ,申,さる,0,
１４５３,享徳2,きょうとく２,1453,享徳,きょうとく,2,２,癸,みずのと,酉,とり,,
１４５４,享徳3,きょうとく３,1454,享徳,きょうとく,3,３,甲,きのえ,戌,いぬ,,
１４５５,享徳4,きょうとく４,1455,享徳,きょうとく,4,４,乙,きのと,亥,いのしし,0,
１４５５,康正1,こうしょう１,1455,康正,こうしょう,1,１,乙,きのと,亥,いのしし,0,
１４５６,康正2,こうしょう２,1456,康正,こうしょう,2,２,丙,ひのえ,子,ねずみ,,
１４５７,康正3,こうしょう３,1457,康正,こうしょう,3,３,丁,ひのと,丑,うし,0,
１４５７,長禄1,ちょうろく１,1457,長禄,ちょうろく,1,１,丁,ひのと,丑,うし,0,
１４５８,長禄2,ちょうろく２,1458,長禄,ちょうろく,2,２,戊,つちのえ,寅,とら,,
１４５９,長禄3,ちょうろく３,1459,長禄,ちょうろく,3,３,己,つちのと,卯,うさぎ,,
１４６０,長禄4,ちょうろく４,1460,長禄,ちょうろく,4,４,庚,かのえ,辰,たつ,0,
１４６０,寛正1,かんしょう１,1460,寛正,かんしょう,1,１,庚,かのえ,辰,たつ,0,
１４６１,寛正2,かんしょう２,1461,寛正,かんしょう,2,２,辛,かのと,巳,へび,,
１４６２,寛正3,かんしょう３,1462,寛正,かんしょう,3,３,壬,みずのえ,午,うま,,
１４６３,寛正4,かんしょう４,1463,寛正,かんしょう,4,４,癸,みずのと,未,ひつじ,,
１４６４,寛正5,かんしょう５,1464,寛正,かんしょう,5,５,甲,きのえ,申,さる,,
１４６５,寛正6,かんしょう６,1465,寛正,かんしょう,6,６,乙,きのと,酉,とり,,
１４６６,寛正7,かんしょう７,1466,寛正,かんしょう,7,７,丙,ひのえ,戌,いぬ,0,
１４６６,文正1,ぶんしょう１,1466,文正,ぶんしょう,1,１,丙,ひのえ,戌,いぬ,0,
１４６７,文正2,ぶんしょう２,1467,文正,ぶんしょう,2,２,丁,ひのと,亥,いのしし,0,応仁・文明の乱始まる
１４６７,応仁1,おうにん１,1467,応仁,おうにん,1,１,丁,ひのと,亥,いのしし,0,応仁・文明の乱始まる
１４６８,応仁2,おうにん２,1468,応仁,おうにん,2,２,戊,つちのえ,子,ねずみ,,
１４６９,応仁3,おうにん３,1469,応仁,おうにん,3,３,己,つちのと,丑,うし,戦国時代,
１４６９,文明1,ぶんめい１,1469,文明,ぶんめい,1,１,己,つちのと,丑,うし,戦国時代,
１４７０,文明2,ぶんめい２,1470,文明,ぶんめい,2,２,庚,かのえ,寅,とら,,
１４７１,文明3,ぶんめい３,1471,文明,ぶんめい,3,３,辛,かのと,卯,うさぎ,,
１４７２,文明4,ぶんめい４,1472,文明,ぶんめい,4,４,壬,みずのえ,辰,たつ,,
１４７３,文明5,ぶんめい５,1473,文明,ぶんめい,5,５,癸,みずのと,巳,へび,,
１４７４,文明6,ぶんめい６,1474,文明,ぶんめい,6,６,甲,きのえ,午,うま,,
１４７５,文明7,ぶんめい７,1475,文明,ぶんめい,7,７,乙,きのと,未,ひつじ,,
１４７６,文明8,ぶんめい８,1476,文明,ぶんめい,8,８,丙,ひのえ,申,さる,,
１４７７,文明9,ぶんめい９,1477,文明,ぶんめい,9,９,丁,ひのと,酉,とり,,応仁・文明の乱終わる
１４７８,文明10,ぶんめい１０,1478,文明,ぶんめい,10,１０,戊,つちのえ,戌,いぬ,,
１４７９,文明11,ぶんめい１１,1479,文明,ぶんめい,11,１１,己,つちのと,亥,いのしし,,
１４８０,文明12,ぶんめい１２,1480,文明,ぶんめい,12,１２,庚,かのえ,子,ねずみ,,
１４８１,文明13,ぶんめい１３,1481,文明,ぶんめい,13,１３,辛,かのと,丑,うし,,
１４８２,文明14,ぶんめい１４,1482,文明,ぶんめい,14,１４,壬,みずのえ,寅,とら,,
１４８３,文明15,ぶんめい１５,1483,文明,ぶんめい,15,１５,癸,みずのと,卯,うさぎ,,
１４８４,文明16,ぶんめい１６,1484,文明,ぶんめい,16,１６,甲,きのえ,辰,たつ,,
１４８５,文明17,ぶんめい１７,1485,文明,ぶんめい,17,１７,乙,きのと,巳,へび,,
１４８６,文明18,ぶんめい１８,1486,文明,ぶんめい,18,１８,丙,ひのえ,午,うま,,
１４８７,文明19,ぶんめい１９,1487,文明,ぶんめい,19,１９,丁,ひのと,未,ひつじ,0,
１４８７,長享1,ちょうきょう１,1487,長享,ちょうきょう,1,１,丁,ひのと,未,ひつじ,0,
１４８８,長享2,ちょうきょう２,1488,長享,ちょうきょう,2,２,戊,つちのえ,申,さる,,
１４８９,長享3,ちょうきょう３,1489,長享,ちょうきょう,3,３,己,つちのと,酉,とり,0,
１４８９,延徳1,えんとく１,1489,延徳,えんとく,1,１,己,つちのと,酉,とり,0,
１４９０,延徳2,えんとく２,1490,延徳,えんとく,2,２,庚,かのえ,戌,いぬ,,
１４９１,延徳3,えんとく３,1491,延徳,えんとく,3,３,辛,かのと,亥,いのしし,,
１４９２,延徳4,えんとく４,1492,延徳,えんとく,4,４,壬,みずのえ,子,ねずみ,0,
１４９２,明応1,めいおう１,1492,明応,めいおう,1,１,壬,みずのえ,子,ねずみ,0,
１４９３,明応2,めいおう２,1493,明応,めいおう,2,２,癸,みずのと,丑,うし,,
１４９４,明応3,めいおう３,1494,明応,めいおう,3,３,甲,きのえ,寅,とら,,
１４９５,明応4,めいおう４,1495,明応,めいおう,4,４,乙,きのと,卯,うさぎ,,
１４９６,明応5,めいおう５,1496,明応,めいおう,5,５,丙,ひのえ,辰,たつ,,
１４９７,明応6,めいおう６,1497,明応,めいおう,6,６,丁,ひのと,巳,へび,,
１４９８,明応7,めいおう７,1498,明応,めいおう,7,７,戊,つちのえ,午,うま,,
１４９９,明応8,めいおう８,1499,明応,めいおう,8,８,己,つちのと,未,ひつじ,,
１５００,明応9,めいおう９,1500,明応,めいおう,9,９,庚,かのえ,申,さる,,
１５０１,明応10,めいおう１０,1501,明応,めいおう,10,１０,辛,かのと,酉,とり,0,
１５０１,文亀1,ぶんき１,1501,文亀,ぶんき,1,１,辛,かのと,酉,とり,0,
１５０２,文亀2,ぶんき２,1502,文亀,ぶんき,2,２,壬,みずのえ,戌,いぬ,,
１５０３,文亀3,ぶんき３,1503,文亀,ぶんき,3,３,癸,みずのと,亥,いのしし,,
１５０４,文亀4,ぶんき４,1504,文亀,ぶんき,4,４,甲,きのえ,子,ねずみ,0,
１５０４,永承1,えいしょう１,1504,永承,えいしょう,1,１,甲,きのえ,子,ねずみ,0,
１５０５,永承2,えいしょう２,1505,永承,えいしょう,2,２,乙,きのと,丑,うし,,
１５０６,永承3,えいしょう３,1506,永承,えいしょう,3,３,丙,ひのえ,寅,とら,,
１５０７,永承4,えいしょう４,1507,永承,えいしょう,4,４,丁,ひのと,卯,うさぎ,,
１５０８,永承5,えいしょう５,1508,永承,えいしょう,5,５,戊,つちのえ,辰,たつ,,
１５０９,永承6,えいしょう６,1509,永承,えいしょう,6,６,己,つちのと,巳,へび,,
１５１０,永承7,えいしょう７,1510,永承,えいしょう,7,７,庚,かのえ,午,うま,,
１５１１,永承8,えいしょう８,1511,永承,えいしょう,8,８,辛,かのと,未,ひつじ,,
１５１２,永承9,えいしょう９,1512,永承,えいしょう,9,９,壬,みずのえ,申,さる,,
１５１３,永承10,えいしょう１０,1513,永承,えいしょう,10,１０,癸,みずのと,酉,とり,,
１５１４,永承11,えいしょう１１,1514,永承,えいしょう,11,１１,甲,きのえ,戌,いぬ,,
１５１５,永承12,えいしょう１２,1515,永承,えいしょう,12,１２,乙,きのと,亥,いのしし,,
１５１６,永承13,えいしょう１３,1516,永承,えいしょう,13,１３,丙,ひのえ,子,ねずみ,,
１５１７,永承14,えいしょう１４,1517,永承,えいしょう,14,１４,丁,ひのと,丑,うし,,
１５１８,永承15,えいしょう１５,1518,永承,えいしょう,15,１５,戊,つちのえ,寅,とら,,
１５１９,永承16,えいしょう１６,1519,永承,えいしょう,16,１６,己,つちのと,卯,うさぎ,,
１５２０,永承17,えいしょう１７,1520,永承,えいしょう,17,１７,庚,かのえ,辰,たつ,,
１５２１,永承18,えいしょう１８,1521,永承,えいしょう,18,１８,辛,かのと,巳,へび,0,
１５２１,大永1,たいえい１,1521,大永,たいえい,1,１,辛,かのと,巳,へび,0,
１５２２,大永2,たいえい２,1522,大永,たいえい,2,２,壬,みずのえ,午,うま,,
１５２３,大永3,たいえい３,1523,大永,たいえい,3,３,癸,みずのと,未,ひつじ,,
１５２４,大永4,たいえい４,1524,大永,たいえい,4,４,甲,きのえ,申,さる,,
１５２５,大永5,たいえい５,1525,大永,たいえい,5,５,乙,きのと,酉,とり,,
１５２６,大永6,たいえい６,1526,大永,たいえい,6,６,丙,ひのえ,戌,いぬ,,
１５２７,大永7,たいえい７,1527,大永,たいえい,7,７,丁,ひのと,亥,いのしし,,
１５２８,大永8,たいえい８,1528,大永,たいえい,8,８,戊,つちのえ,子,ねずみ,0,
１５２８,享禄1,きょうろく１,1528,享禄,きょうろく,1,１,戊,つちのえ,子,ねずみ,0,
１５２９,享禄2,きょうろく２,1529,享禄,きょうろく,2,２,己,つちのと,丑,うし,,
１５３０,享禄3,きょうろく３,1530,享禄,きょうろく,3,３,庚,かのえ,寅,とら,,
１５３１,享禄4,きょうろく４,1531,享禄,きょうろく,4,４,辛,かのと,卯,うさぎ,,
１５３２,享禄5,きょうろく５,1532,享禄,きょうろく,5,５,壬,みずのえ,辰,たつ,0,
１５３２,天文1,てんぶん１,1532,天文,てんぶん,1,１,壬,みずのえ,辰,たつ,0,
１５３３,天文2,てんぶん２,1533,天文,てんぶん,2,２,癸,みずのと,巳,へび,,
１５３４,天文3,てんぶん３,1534,天文,てんぶん,3,３,甲,きのえ,午,うま,,
１５３５,天文4,てんぶん４,1535,天文,てんぶん,4,４,乙,きのと,未,ひつじ,,
１５３６,天文5,てんぶん５,1536,天文,てんぶん,5,５,丙,ひのえ,申,さる,,
１５３７,天文6,てんぶん６,1537,天文,てんぶん,6,６,丁,ひのと,酉,とり,,
１５３８,天文7,てんぶん７,1538,天文,てんぶん,7,７,戊,つちのえ,戌,いぬ,,
１５３９,天文8,てんぶん８,1539,天文,てんぶん,8,８,己,つちのと,亥,いのしし,,
１５４０,天文9,てんぶん９,1540,天文,てんぶん,9,９,庚,かのえ,子,ねずみ,,
１５４１,天文10,てんぶん１０,1541,天文,てんぶん,10,１０,辛,かのと,丑,うし,,
１５４２,天文11,てんぶん１１,1542,天文,てんぶん,11,１１,壬,みずのえ,寅,とら,,
１５４３,天文12,てんぶん１２,1543,天文,てんぶん,12,１２,癸,みずのと,卯,うさぎ,,鉄砲伝来
１５４４,天文13,てんぶん１３,1544,天文,てんぶん,13,１３,甲,きのえ,辰,たつ,,
１５４５,天文14,てんぶん１４,1545,天文,てんぶん,14,１４,乙,きのと,巳,へび,,
１５４６,天文15,てんぶん１５,1546,天文,てんぶん,15,１５,丙,ひのえ,午,うま,,
１５４７,天文16,てんぶん１６,1547,天文,てんぶん,16,１６,丁,ひのと,未,ひつじ,,
１５４８,天文17,てんぶん１７,1548,天文,てんぶん,17,１７,戊,つちのえ,申,さる,,
１５４９,天文18,てんぶん１８,1549,天文,てんぶん,18,１８,己,つちのと,酉,とり,,
１５５０,天文19,てんぶん１９,1550,天文,てんぶん,19,１９,庚,かのえ,戌,いぬ,,
１５５１,天文20,てんぶん２０,1551,天文,てんぶん,20,２０,辛,かのと,亥,いのしし,,
１５５２,天文21,てんぶん２１,1552,天文,てんぶん,21,２１,壬,みずのえ,子,ねずみ,,
１５５３,天文22,てんぶん２２,1553,天文,てんぶん,22,２２,癸,みずのと,丑,うし,,
１５５４,天文23,てんぶん２３,1554,天文,てんぶん,23,２３,甲,きのえ,寅,とら,,
１５５５,天文24,てんぶん２４,1555,天文,てんぶん,24,２４,乙,きのと,卯,うさぎ,0,
１５５５,康治1,こうじ１,1555,康治,こうじ,1,１,乙,きのと,卯,うさぎ,0,
１５５６,康治2,こうじ２,1556,康治,こうじ,2,２,丙,ひのえ,辰,たつ,,
１５５７,康治3,こうじ３,1557,康治,こうじ,3,３,丁,ひのと,巳,へび,,
１５５８,康治4,こうじ４,1558,康治,こうじ,4,４,戊,つちのえ,午,うま,0,
１５５８,永禄1,えいろく１,1558,永禄,えいろく,1,１,戊,つちのえ,午,うま,0,
１５５９,永禄2,えいろく２,1559,永禄,えいろく,2,２,己,つちのと,未,ひつじ,,
１５６０,永禄3,えいろく３,1560,永禄,えいろく,3,３,庚,かのえ,申,さる,,信長　桶狭間で今川義元を破る
１５６１,永禄4,えいろく４,1561,永禄,えいろく,4,４,辛,かのと,酉,とり,,
１５６２,永禄5,えいろく５,1562,永禄,えいろく,5,５,壬,みずのえ,戌,いぬ,,
１５６３,永禄6,えいろく６,1563,永禄,えいろく,6,６,癸,みずのと,亥,いのしし,,
１５６４,永禄7,えいろく７,1564,永禄,えいろく,7,７,甲,きのえ,子,ねずみ,,
１５６５,永禄8,えいろく８,1565,永禄,えいろく,8,８,乙,きのと,丑,うし,,
１５６６,永禄9,えいろく９,1566,永禄,えいろく,9,９,丙,ひのえ,寅,とら,,
１５６７,永禄10,えいろく１０,1567,永禄,えいろく,10,１０,丁,ひのと,卯,うさぎ,,
１５６８,永禄11,えいろく１１,1568,永禄,えいろく,11,１１,戊,つちのえ,辰,たつ,,
１５６９,永禄12,えいろく１２,1569,永禄,えいろく,12,１２,己,つちのと,巳,へび,,
１５７０,永禄13,えいろく１３,1570,永禄,えいろく,13,１３,庚,かのえ,午,うま,安土・桃山時代,
１５７０,元亀1,げんき１,1570,元亀,げんき,1,１,庚,かのえ,午,うま,安土・桃山時代,
１５７１,元亀2,げんき２,1571,元亀,げんき,2,２,辛,かのと,未,ひつじ,,
１５７２,元亀3,げんき３,1572,元亀,げんき,3,３,壬,みずのえ,申,さる,,
１５７３,元亀4,げんき４,1573,元亀,げんき,4,４,癸,みずのと,酉,とり,0,
１５７３,天承1,てんしょう１,1573,天承,てんしょう,1,１,癸,みずのと,酉,とり,0,
１５７４,天承2,てんしょう２,1574,天承,てんしょう,2,２,甲,きのえ,戌,いぬ,,
１５７５,天承3,てんしょう３,1575,天承,てんしょう,3,３,乙,きのと,亥,いのしし,,
１５７６,天承4,てんしょう４,1576,天承,てんしょう,4,４,丙,ひのえ,子,ねずみ,,
１５７７,天承5,てんしょう５,1577,天承,てんしょう,5,５,丁,ひのと,丑,うし,,
１５７８,天承6,てんしょう６,1578,天承,てんしょう,6,６,戊,つちのえ,寅,とら,,
１５７９,天承7,てんしょう７,1579,天承,てんしょう,7,７,己,つちのと,卯,うさぎ,,
１５８０,天承8,てんしょう８,1580,天承,てんしょう,8,８,庚,かのえ,辰,たつ,,
１５８１,天承9,てんしょう９,1581,天承,てんしょう,9,９,辛,かのと,巳,へび,,
１５８２,天承10,てんしょう１０,1582,天承,てんしょう,10,１０,壬,みずのえ,午,うま,,
１５８３,天承11,てんしょう１１,1583,天承,てんしょう,11,１１,癸,みずのと,未,ひつじ,,
１５８４,天承12,てんしょう１２,1584,天承,てんしょう,12,１２,甲,きのえ,申,さる,,
１５８５,天承13,てんしょう１３,1585,天承,てんしょう,13,１３,乙,きのと,酉,とり,,
１５８６,天承14,てんしょう１４,1586,天承,てんしょう,14,１４,丙,ひのえ,戌,いぬ,,
１５８７,天承15,てんしょう１５,1587,天承,てんしょう,15,１５,丁,ひのと,亥,いのしし,,
１５８８,天承16,てんしょう１６,1588,天承,てんしょう,16,１６,戊,つちのえ,子,ねずみ,,
１５８９,天承17,てんしょう１７,1589,天承,てんしょう,17,１７,己,つちのと,丑,うし,,
１５９０,天承18,てんしょう１８,1590,天承,てんしょう,18,１８,庚,かのえ,寅,とら,,
１５９１,天承19,てんしょう１９,1591,天承,てんしょう,19,１９,辛,かのと,卯,うさぎ,,
１５９２,天承20,てんしょう２０,1592,天承,てんしょう,20,２０,壬,みずのえ,辰,たつ,0,
１５９２,文禄1,ぶんろく１,1592,文禄,ぶんろく,1,１,壬,みずのえ,辰,たつ,0,
１５９３,文禄2,ぶんろく２,1593,文禄,ぶんろく,2,２,癸,みずのと,巳,へび,,
１５９４,文禄3,ぶんろく３,1594,文禄,ぶんろく,3,３,甲,きのえ,午,うま,,
１５９５,文禄4,ぶんろく４,1595,文禄,ぶんろく,4,４,乙,きのと,未,ひつじ,,
１５９６,文禄5,ぶんろく５,1596,文禄,ぶんろく,5,５,丙,ひのえ,申,さる,0,
１５９６,慶長1,けいちょう１,1596,慶長,けいちょう,1,１,丙,ひのえ,申,さる,0,
１５９７,慶長2,けいちょう２,1597,慶長,けいちょう,2,２,丁,ひのと,酉,とり,,
１５９８,慶長3,けいちょう３,1598,慶長,けいちょう,3,３,戊,つちのえ,戌,いぬ,,
１５９９,慶長4,けいちょう４,1599,慶長,けいちょう,4,４,己,つちのと,亥,いのしし,,
１６００,慶長5,けいちょう５,1600,慶長,けいちょう,5,５,庚,かのえ,子,ねずみ,,
１６０１,慶長6,けいちょう６,1601,慶長,けいちょう,6,６,辛,かのと,丑,うし,,
１６０２,慶長7,けいちょう７,1602,慶長,けいちょう,7,７,壬,みずのえ,寅,とら,,
１６０３,慶長8,けいちょう８,1603,慶長,けいちょう,8,８,癸,みずのと,卯,うさぎ,,
１６０４,慶長9,けいちょう９,1604,慶長,けいちょう,9,９,甲,きのえ,辰,たつ,,
１６０５,慶長10,けいちょう１０,1605,慶長,けいちょう,10,１０,乙,きのと,巳,へび,,
１６０６,慶長11,けいちょう１１,1606,慶長,けいちょう,11,１１,丙,ひのえ,午,うま,,
１６０７,慶長12,けいちょう１２,1607,慶長,けいちょう,12,１２,丁,ひのと,未,ひつじ,,
１６０８,慶長13,けいちょう１３,1608,慶長,けいちょう,13,１３,戊,つちのえ,申,さる,,
１６０９,慶長14,けいちょう１４,1609,慶長,けいちょう,14,１４,己,つちのと,酉,とり,,
１６１０,慶長15,けいちょう１５,1610,慶長,けいちょう,15,１５,庚,かのえ,戌,いぬ,,
１６１１,慶長16,けいちょう１６,1611,慶長,けいちょう,16,１６,辛,かのと,亥,いのしし,,
１６１２,慶長17,けいちょう１７,1612,慶長,けいちょう,17,１７,壬,みずのえ,子,ねずみ,,
１６１３,慶長18,けいちょう１８,1613,慶長,けいちょう,18,１８,癸,みずのと,丑,うし,,
１６１４,慶長19,けいちょう１９,1614,慶長,けいちょう,19,１９,甲,きのえ,寅,とら,,大阪冬の陣
１６１５,慶長20,けいちょう２０,1615,慶長,けいちょう,20,２０,乙,きのと,卯,うさぎ,江戸時代,大阪夏の陣　秀頼没　(23)
１６１５,元和1,げんな１,1615,元和,げんな,1,１,乙,きのと,卯,うさぎ,江戸時代,大阪夏の陣　秀頼没　(23)
１６１６,元和2,げんな２,1616,元和,げんな,2,２,丙,ひのえ,辰,たつ,,徳川家康没　(75)
１６１７,元和3,げんな３,1617,元和,げんな,3,３,丁,ひのと,巳,へび,,
１６１８,元和4,げんな４,1618,元和,げんな,4,４,戊,つちのえ,午,うま,,
１６１９,元和5,げんな５,1619,元和,げんな,5,５,己,つちのと,未,ひつじ,,
１６２０,元和6,げんな６,1620,元和,げんな,6,６,庚,かのえ,申,さる,,
１６２１,元和7,げんな７,1621,元和,げんな,7,７,辛,かのと,酉,とり,,
１６２２,元和8,げんな８,1622,元和,げんな,8,８,壬,みずのえ,戌,いぬ,,
１６２３,元和9,げんな９,1623,元和,げんな,9,９,癸,みずのと,亥,いのしし,,
１６２４,元和10,げんな１０,1624,元和,げんな,10,１０,甲,きのえ,子,ねずみ,0,
１６２４,寛永1,かんえい１,1624,寛永,かんえい,1,１,甲,きのえ,子,ねずみ,0,
１６２５,寛永2,かんえい２,1625,寛永,かんえい,2,２,乙,きのと,丑,うし,,
１６２６,寛永3,かんえい３,1626,寛永,かんえい,3,３,丙,ひのえ,寅,とら,,
１６２７,寛永4,かんえい４,1627,寛永,かんえい,4,４,丁,ひのと,卯,うさぎ,,
１６２８,寛永5,かんえい５,1628,寛永,かんえい,5,５,戊,つちのえ,辰,たつ,,
１６２９,寛永6,かんえい６,1629,寛永,かんえい,6,６,己,つちのと,巳,へび,,
１６３０,寛永7,かんえい７,1630,寛永,かんえい,7,７,庚,かのえ,午,うま,,
１６３１,寛永8,かんえい８,1631,寛永,かんえい,8,８,辛,かのと,未,ひつじ,,
１６３２,寛永9,かんえい９,1632,寛永,かんえい,9,９,壬,みずのえ,申,さる,,
１６３３,寛永10,かんえい１０,1633,寛永,かんえい,10,１０,癸,みずのと,酉,とり,,
１６３４,寛永11,かんえい１１,1634,寛永,かんえい,11,１１,甲,きのえ,戌,いぬ,,
１６３５,寛永12,かんえい１２,1635,寛永,かんえい,12,１２,乙,きのと,亥,いのしし,,
１６３６,寛永13,かんえい１３,1636,寛永,かんえい,13,１３,丙,ひのえ,子,ねずみ,,
１６３７,寛永14,かんえい１４,1637,寛永,かんえい,14,１４,丁,ひのと,丑,うし,,島原の乱
１６３８,寛永15,かんえい１５,1638,寛永,かんえい,15,１５,戊,つちのえ,寅,とら,,
１６３９,寛永16,かんえい１６,1639,寛永,かんえい,16,１６,己,つちのと,卯,うさぎ,,鎖国令　発令
１６４０,寛永17,かんえい１７,1640,寛永,かんえい,17,１７,庚,かのえ,辰,たつ,,
１６４１,寛永18,かんえい１８,1641,寛永,かんえい,18,１８,辛,かのと,巳,へび,,
１６４２,寛永19,かんえい１９,1642,寛永,かんえい,19,１９,壬,みずのえ,午,うま,,
１６４３,寛永20,かんえい２０,1643,寛永,かんえい,20,２０,癸,みずのと,未,ひつじ,,
１６４４,寛永21,かんえい２１,1644,寛永,かんえい,21,２１,甲,きのえ,申,さる,0,
１６４４,正保1,しょうほう１,1644,正保,しょうほう,1,１,甲,きのえ,申,さる,0,
１６４５,正保2,しょうほう２,1645,正保,しょうほう,2,２,乙,きのと,酉,とり,,
１６４６,正保3,しょうほう３,1646,正保,しょうほう,3,３,丙,ひのえ,戌,いぬ,,
１６４７,正保4,しょうほう４,1647,正保,しょうほう,4,４,丁,ひのと,亥,いのしし,,
１６４８,正保5,しょうほう５,1648,正保,しょうほう,5,５,戊,つちのえ,子,ねずみ,0,
１６４８,慶安1,けいあん１,1648,慶安,けいあん,1,１,戊,つちのえ,子,ねずみ,0,
１６４９,慶安2,けいあん２,1649,慶安,けいあん,2,２,己,つちのと,丑,うし,,
１６５０,慶安3,けいあん３,1650,慶安,けいあん,3,３,庚,かのえ,寅,とら,,
１６５１,慶安4,けいあん４,1651,慶安,けいあん,4,４,辛,かのと,卯,うさぎ,,
１６５２,慶安5,けいあん５,1652,慶安,けいあん,5,５,壬,みずのえ,辰,たつ,0,
１６５２,貞応1,じょうおう１,1652,貞応,じょうおう,1,１,壬,みずのえ,辰,たつ,0,
１６５３,貞応2,じょうおう２,1653,貞応,じょうおう,2,２,癸,みずのと,巳,へび,,
１６５４,貞応3,じょうおう３,1654,貞応,じょうおう,3,３,甲,きのえ,午,うま,,
１６５５,貞応4,じょうおう４,1655,貞応,じょうおう,4,４,乙,きのと,未,ひつじ,0,
１６５５,明暦1,めいれき１,1655,明暦,めいれき,1,１,乙,きのと,未,ひつじ,0,
１６５６,明暦2,めいれき２,1656,明暦,めいれき,2,２,丙,ひのえ,申,さる,,
１６５７,明暦3,めいれき３,1657,明暦,めいれき,3,３,丁,ひのと,酉,とり,,
１６５８,明暦4,めいれき４,1658,明暦,めいれき,4,４,戊,つちのえ,戌,いぬ,0,
１６５８,万治1,まんじ１,1658,万治,まんじ,1,１,戊,つちのえ,戌,いぬ,0,
１６５９,万治2,まんじ２,1659,万治,まんじ,2,２,己,つちのと,亥,いのしし,,
１６６０,万治3,まんじ３,1660,万治,まんじ,3,３,庚,かのえ,子,ねずみ,,
１６６１,万治4,まんじ４,1661,万治,まんじ,4,４,辛,かのと,丑,うし,0,
１６６１,寛文1,かんぶん１,1661,寛文,かんぶん,1,１,辛,かのと,丑,うし,0,
１６６２,寛文2,かんぶん２,1662,寛文,かんぶん,2,２,壬,みずのえ,寅,とら,,
１６６３,寛文3,かんぶん３,1663,寛文,かんぶん,3,３,癸,みずのと,卯,うさぎ,,
１６６４,寛文4,かんぶん４,1664,寛文,かんぶん,4,４,甲,きのえ,辰,たつ,,
１６６５,寛文5,かんぶん５,1665,寛文,かんぶん,5,５,乙,きのと,巳,へび,,
１６６６,寛文6,かんぶん６,1666,寛文,かんぶん,6,６,丙,ひのえ,午,うま,,
１６６７,寛文7,かんぶん７,1667,寛文,かんぶん,7,７,丁,ひのと,未,ひつじ,,
１６６８,寛文8,かんぶん８,1668,寛文,かんぶん,8,８,戊,つちのえ,申,さる,,
１６６９,寛文9,かんぶん９,1669,寛文,かんぶん,9,９,己,つちのと,酉,とり,,
１６７０,寛文10,かんぶん１０,1670,寛文,かんぶん,10,１０,庚,かのえ,戌,いぬ,,
１６７１,寛文11,かんぶん１１,1671,寛文,かんぶん,11,１１,辛,かのと,亥,いのしし,,
１６７２,寛文12,かんぶん１２,1672,寛文,かんぶん,12,１２,壬,みずのえ,子,ねずみ,,
１６７３,寛文13,かんぶん１３,1673,寛文,かんぶん,13,１３,癸,みずのと,丑,うし,0,
１６７３,延宝1,えんぽう１,1673,延宝,えんぽう,1,１,癸,みずのと,丑,うし,0,
１６７４,延宝2,えんぽう２,1674,延宝,えんぽう,2,２,甲,きのえ,寅,とら,,
１６７５,延宝3,えんぽう３,1675,延宝,えんぽう,3,３,乙,きのと,卯,うさぎ,,
１６７６,延宝4,えんぽう４,1676,延宝,えんぽう,4,４,丙,ひのえ,辰,たつ,,
１６７７,延宝5,えんぽう５,1677,延宝,えんぽう,5,５,丁,ひのと,巳,へび,,
１６７８,延宝6,えんぽう６,1678,延宝,えんぽう,6,６,戊,つちのえ,午,うま,,
１６７９,延宝7,えんぽう７,1679,延宝,えんぽう,7,７,己,つちのと,未,ひつじ,,
１６８０,延宝8,えんぽう８,1680,延宝,えんぽう,8,８,庚,かのえ,申,さる,,
１６８１,延宝9,えんぽう９,1681,延宝,えんぽう,9,９,辛,かのと,酉,とり,0,
１６８１,天和1,てんな１,1681,天和,てんな,1,１,辛,かのと,酉,とり,0,
１６８２,天和2,てんな２,1682,天和,てんな,2,２,壬,みずのえ,戌,いぬ,,
１６８３,天和3,てんな３,1683,天和,てんな,3,３,癸,みずのと,亥,いのしし,,
１６８４,天和4,てんな４,1684,天和,てんな,4,４,甲,きのえ,子,ねずみ,0,
１６８４,貞享1,じょうきょう１,1684,貞享,じょうきょう,1,１,甲,きのえ,子,ねずみ,0,
１６８５,貞享2,じょうきょう２,1685,貞享,じょうきょう,2,２,乙,きのと,丑,うし,,
１６８６,貞享3,じょうきょう３,1686,貞享,じょうきょう,3,３,丙,ひのえ,寅,とら,,
１６８７,貞享4,じょうきょう４,1687,貞享,じょうきょう,4,４,丁,ひのと,卯,うさぎ,,生類哀れみ令を出す
１６８８,貞享5,じょうきょう５,1688,貞享,じょうきょう,5,５,戊,つちのえ,辰,たつ,0,
１６８８,元禄1,げんろく１,1688,元禄,げんろく,1,１,戊,つちのえ,辰,たつ,0,
１６８９,元禄2,げんろく２,1689,元禄,げんろく,2,２,己,つちのと,巳,へび,,
１６９０,元禄3,げんろく３,1690,元禄,げんろく,3,３,庚,かのえ,午,うま,,
１６９１,元禄4,げんろく４,1691,元禄,げんろく,4,４,辛,かのと,未,ひつじ,,
１６９２,元禄5,げんろく５,1692,元禄,げんろく,5,５,壬,みずのえ,申,さる,,
１６９３,元禄6,げんろく６,1693,元禄,げんろく,6,６,癸,みずのと,酉,とり,,
１６９４,元禄7,げんろく７,1694,元禄,げんろく,7,７,甲,きのえ,戌,いぬ,,
１６９５,元禄8,げんろく８,1695,元禄,げんろく,8,８,乙,きのと,亥,いのしし,,
１６９６,元禄9,げんろく９,1696,元禄,げんろく,9,９,丙,ひのえ,子,ねずみ,,
１６９７,元禄10,げんろく１０,1697,元禄,げんろく,10,１０,丁,ひのと,丑,うし,,
１６９８,元禄11,げんろく１１,1698,元禄,げんろく,11,１１,戊,つちのえ,寅,とら,,
１６９９,元禄12,げんろく１２,1699,元禄,げんろく,12,１２,己,つちのと,卯,うさぎ,,
１７００,元禄13,げんろく１３,1700,元禄,げんろく,13,１３,庚,かのえ,辰,たつ,,
１７０１,元禄14,げんろく１４,1701,元禄,げんろく,14,１４,辛,かのと,巳,へび,,
１７０２,元禄15,げんろく１５,1702,元禄,げんろく,15,１５,壬,みずのえ,午,うま,,
１７０３,元禄16,げんろく１６,1703,元禄,げんろく,16,１６,癸,みずのと,未,ひつじ,,
１７０４,元禄17,げんろく１７,1704,元禄,げんろく,17,１７,甲,きのえ,申,さる,0,
１７０４,宝永1,ほうえい１,1704,宝永,ほうえい,1,１,甲,きのえ,申,さる,0,
１７０５,宝永2,ほうえい２,1705,宝永,ほうえい,2,２,乙,きのと,酉,とり,,
１７０６,宝永3,ほうえい３,1706,宝永,ほうえい,3,３,丙,ひのえ,戌,いぬ,,
１７０７,宝永4,ほうえい４,1707,宝永,ほうえい,4,４,丁,ひのと,亥,いのしし,,
１７０８,宝永5,ほうえい５,1708,宝永,ほうえい,5,５,戊,つちのえ,子,ねずみ,,
１７０９,宝永6,ほうえい６,1709,宝永,ほうえい,6,６,己,つちのと,丑,うし,,
１７１０,宝永7,ほうえい７,1710,宝永,ほうえい,7,７,庚,かのえ,寅,とら,,
１７１１,宝永8,ほうえい８,1711,宝永,ほうえい,8,８,辛,かのと,卯,うさぎ,0,
１７１１,正徳1,しょうとく１,1711,正徳,しょうとく,1,１,辛,かのと,卯,うさぎ,0,
１７１２,正徳2,しょうとく２,1712,正徳,しょうとく,2,２,壬,みずのえ,辰,たつ,,
１７１３,正徳3,しょうとく３,1713,正徳,しょうとく,3,３,癸,みずのと,巳,へび,,
１７１４,正徳4,しょうとく４,1714,正徳,しょうとく,4,４,甲,きのえ,午,うま,,
１７１５,正徳5,しょうとく５,1715,正徳,しょうとく,5,５,乙,きのと,未,ひつじ,,
１７１６,正徳6,しょうとく６,1716,正徳,しょうとく,6,６,丙,ひのえ,申,さる,0,
１７１６,享保1,きょうほう１,1716,享保,きょうほう,1,１,丙,ひのえ,申,さる,0,
１７１７,享保2,きょうほう２,1717,享保,きょうほう,2,２,丁,ひのと,酉,とり,,
１７１８,享保3,きょうほう３,1718,享保,きょうほう,3,３,戊,つちのえ,戌,いぬ,,
１７１９,享保4,きょうほう４,1719,享保,きょうほう,4,４,己,つちのと,亥,いのしし,,
１７２０,享保5,きょうほう５,1720,享保,きょうほう,5,５,庚,かのえ,子,ねずみ,,
１７２１,享保6,きょうほう６,1721,享保,きょうほう,6,６,辛,かのと,丑,うし,,
１７２２,享保7,きょうほう７,1722,享保,きょうほう,7,７,壬,みずのえ,寅,とら,,
１７２３,享保8,きょうほう８,1723,享保,きょうほう,8,８,癸,みずのと,卯,うさぎ,,
１７２４,享保9,きょうほう９,1724,享保,きょうほう,9,９,甲,きのえ,辰,たつ,,
１７２５,享保10,きょうほう１０,1725,享保,きょうほう,10,１０,乙,きのと,巳,へび,,
１７２６,享保11,きょうほう１１,1726,享保,きょうほう,11,１１,丙,ひのえ,午,うま,,
１７２７,享保12,きょうほう１２,1727,享保,きょうほう,12,１２,丁,ひのと,未,ひつじ,,
１７２８,享保13,きょうほう１３,1728,享保,きょうほう,13,１３,戊,つちのえ,申,さる,,
１７２９,享保14,きょうほう１４,1729,享保,きょうほう,14,１４,己,つちのと,酉,とり,,
１７３０,享保15,きょうほう１５,1730,享保,きょうほう,15,１５,庚,かのえ,戌,いぬ,,
１７３１,享保16,きょうほう１６,1731,享保,きょうほう,16,１６,辛,かのと,亥,いのしし,,
１７３２,享保17,きょうほう１７,1732,享保,きょうほう,17,１７,壬,みずのえ,子,ねずみ,,
１７３３,享保18,きょうほう１８,1733,享保,きょうほう,18,１８,癸,みずのと,丑,うし,,
１７３４,享保19,きょうほう１９,1734,享保,きょうほう,19,１９,甲,きのえ,寅,とら,,
１７３５,享保20,きょうほう２０,1735,享保,きょうほう,20,２０,乙,きのと,卯,うさぎ,,
１７３６,享保21,きょうほう２１,1736,享保,きょうほう,21,２１,丙,ひのえ,辰,たつ,0,
１７３６,元文1,げんぶん１,1736,元文,げんぶん,1,１,丙,ひのえ,辰,たつ,0,
１７３７,元文2,げんぶん２,1737,元文,げんぶん,2,２,丁,ひのと,巳,へび,,
１７３８,元文3,げんぶん３,1738,元文,げんぶん,3,３,戊,つちのえ,午,うま,,
１７３９,元文4,げんぶん４,1739,元文,げんぶん,4,４,己,つちのと,未,ひつじ,,
１７４０,元文5,げんぶん５,1740,元文,げんぶん,5,５,庚,かのえ,申,さる,,
１７４１,元文6,げんぶん６,1741,元文,げんぶん,6,６,辛,かのと,酉,とり,0,
１７４１,寛保1,かんほう１,1741,寛保,かんほう,1,１,辛,かのと,酉,とり,0,
１７４２,寛保2,かんほう２,1742,寛保,かんほう,2,２,壬,みずのえ,戌,いぬ,,
１７４３,寛保3,かんほう３,1743,寛保,かんほう,3,３,癸,みずのと,亥,いのしし,,
１７４４,寛保4,かんほう４,1744,寛保,かんほう,4,４,甲,きのえ,子,ねずみ,0,
１７４４,延慶1,えんきょう１,1744,延慶,えんきょう,1,１,甲,きのえ,子,ねずみ,0,
１７４５,延慶2,えんきょう２,1745,延慶,えんきょう,2,２,乙,きのと,丑,うし,,
１７４６,延慶3,えんきょう３,1746,延慶,えんきょう,3,３,丙,ひのえ,寅,とら,,
１７４７,延慶4,えんきょう４,1747,延慶,えんきょう,4,４,丁,ひのと,卯,うさぎ,,
１７４８,延慶5,えんきょう５,1748,延慶,えんきょう,5,５,戊,つちのえ,辰,たつ,0,
１７４８,寛延1,かんえん１,1748,寛延,かんえん,1,１,戊,つちのえ,辰,たつ,0,
１７４９,寛延2,かんえん２,1749,寛延,かんえん,2,２,己,つちのと,巳,へび,,
１７５０,寛延3,かんえん３,1750,寛延,かんえん,3,３,庚,かのえ,午,うま,,
１７５１,寛延4,かんえん４,1751,寛延,かんえん,4,４,辛,かのと,未,ひつじ,0,
１７５１,宝暦1,ほうれき１,1751,宝暦,ほうれき,1,１,辛,かのと,未,ひつじ,0,
１７５２,宝暦2,ほうれき２,1752,宝暦,ほうれき,2,２,壬,みずのえ,申,さる,,
１７５３,宝暦3,ほうれき３,1753,宝暦,ほうれき,3,３,癸,みずのと,酉,とり,,
１７５４,宝暦4,ほうれき４,1754,宝暦,ほうれき,4,４,甲,きのえ,戌,いぬ,,
１７５５,宝暦5,ほうれき５,1755,宝暦,ほうれき,5,５,乙,きのと,亥,いのしし,,
１７５６,宝暦6,ほうれき６,1756,宝暦,ほうれき,6,６,丙,ひのえ,子,ねずみ,,
１７５７,宝暦7,ほうれき７,1757,宝暦,ほうれき,7,７,丁,ひのと,丑,うし,,
１７５８,宝暦8,ほうれき８,1758,宝暦,ほうれき,8,８,戊,つちのえ,寅,とら,,
１７５９,宝暦9,ほうれき９,1759,宝暦,ほうれき,9,９,己,つちのと,卯,うさぎ,,
１７６０,宝暦10,ほうれき１０,1760,宝暦,ほうれき,10,１０,庚,かのえ,辰,たつ,,
１７６１,宝暦11,ほうれき１１,1761,宝暦,ほうれき,11,１１,辛,かのと,巳,へび,,
１７６２,宝暦12,ほうれき１２,1762,宝暦,ほうれき,12,１２,壬,みずのえ,午,うま,,
１７６３,宝暦13,ほうれき１３,1763,宝暦,ほうれき,13,１３,癸,みずのと,未,ひつじ,,
１７６４,宝暦14,ほうれき１４,1764,宝暦,ほうれき,14,１４,甲,きのえ,申,さる,0,
１７６４,明和1,めいわ１,1764,明和,めいわ,1,１,甲,きのえ,申,さる,0,
１７６５,明和2,めいわ２,1765,明和,めいわ,2,２,乙,きのと,酉,とり,,
１７６６,明和3,めいわ３,1766,明和,めいわ,3,３,丙,ひのえ,戌,いぬ,,
１７６７,明和4,めいわ４,1767,明和,めいわ,4,４,丁,ひのと,亥,いのしし,,
１７６８,明和5,めいわ５,1768,明和,めいわ,5,５,戊,つちのえ,子,ねずみ,,
１７６９,明和6,めいわ６,1769,明和,めいわ,6,６,己,つちのと,丑,うし,,
１７７０,明和7,めいわ７,1770,明和,めいわ,7,７,庚,かのえ,寅,とら,,
１７７１,明和8,めいわ８,1771,明和,めいわ,8,８,辛,かのと,卯,うさぎ,,
１７７２,明和9,めいわ９,1772,明和,めいわ,9,９,壬,みずのえ,辰,たつ,0,
１７７２,安永1,あんえい１,1772,安永,あんえい,1,１,壬,みずのえ,辰,たつ,0,
１７７３,安永2,あんえい２,1773,安永,あんえい,2,２,癸,みずのと,巳,へび,,
１７７４,安永3,あんえい３,1774,安永,あんえい,3,３,甲,きのえ,午,うま,,
１７７５,安永4,あんえい４,1775,安永,あんえい,4,４,乙,きのと,未,ひつじ,,
１７７６,安永5,あんえい５,1776,安永,あんえい,5,５,丙,ひのえ,申,さる,,
１７７７,安永6,あんえい６,1777,安永,あんえい,6,６,丁,ひのと,酉,とり,,
１７７８,安永7,あんえい７,1778,安永,あんえい,7,７,戊,つちのえ,戌,いぬ,,
１７７９,安永8,あんえい８,1779,安永,あんえい,8,８,己,つちのと,亥,いのしし,,
１７８０,安永9,あんえい９,1780,安永,あんえい,9,９,庚,かのえ,子,ねずみ,,
１７８１,安永10,あんえい１０,1781,安永,あんえい,10,１０,辛,かのと,丑,うし,0,
１７８１,天明1,てんめい１,1781,天明,てんめい,1,１,辛,かのと,丑,うし,0,
１７８２,天明2,てんめい２,1782,天明,てんめい,2,２,壬,みずのえ,寅,とら,,
１７８３,天明3,てんめい３,1783,天明,てんめい,3,３,癸,みずのと,卯,うさぎ,,
１７８４,天明4,てんめい４,1784,天明,てんめい,4,４,甲,きのえ,辰,たつ,,
１７８５,天明5,てんめい５,1785,天明,てんめい,5,５,乙,きのと,巳,へび,,
１７８６,天明6,てんめい６,1786,天明,てんめい,6,６,丙,ひのえ,午,うま,,
１７８７,天明7,てんめい７,1787,天明,てんめい,7,７,丁,ひのと,未,ひつじ,,
１７８８,天明8,てんめい８,1788,天明,てんめい,8,８,戊,つちのえ,申,さる,,
１７８９,天明9,てんめい９,1789,天明,てんめい,9,９,己,つちのと,酉,とり,0,
１７８９,寛政1,かんせい１,1789,寛政,かんせい,1,１,己,つちのと,酉,とり,0,
１７９０,寛政2,かんせい２,1790,寛政,かんせい,2,２,庚,かのえ,戌,いぬ,,
１７９１,寛政3,かんせい３,1791,寛政,かんせい,3,３,辛,かのと,亥,いのしし,,
１７９２,寛政4,かんせい４,1792,寛政,かんせい,4,４,壬,みずのえ,子,ねずみ,,
１７９３,寛政5,かんせい５,1793,寛政,かんせい,5,５,癸,みずのと,丑,うし,,
１７９４,寛政6,かんせい６,1794,寛政,かんせい,6,６,甲,きのえ,寅,とら,,
１７９５,寛政7,かんせい７,1795,寛政,かんせい,7,７,乙,きのと,卯,うさぎ,,
１７９６,寛政8,かんせい８,1796,寛政,かんせい,8,８,丙,ひのえ,辰,たつ,,
１７９７,寛政9,かんせい９,1797,寛政,かんせい,9,９,丁,ひのと,巳,へび,,
１７９８,寛政10,かんせい１０,1798,寛政,かんせい,10,１０,戊,つちのえ,午,うま,,
１７９９,寛政11,かんせい１１,1799,寛政,かんせい,11,１１,己,つちのと,未,ひつじ,,
１８００,寛政12,かんせい１２,1800,寛政,かんせい,12,１２,庚,かのえ,申,さる,,
１８０１,寛政13,かんせい１３,1801,寛政,かんせい,13,１３,辛,かのと,酉,とり,0,
１８０１,享和1,きょうわ１,1801,享和,きょうわ,1,１,辛,かのと,酉,とり,0,
１８０２,享和2,きょうわ２,1802,享和,きょうわ,2,２,壬,みずのえ,戌,いぬ,,
１８０３,享和3,きょうわ３,1803,享和,きょうわ,3,３,癸,みずのと,亥,いのしし,,
１８０４,享和4,きょうわ４,1804,享和,きょうわ,4,４,甲,きのえ,子,ねずみ,0,
１８０４,文化1,ぶんか１,1804,文化,ぶんか,1,１,甲,きのえ,子,ねずみ,0,
１８０５,文化2,ぶんか２,1805,文化,ぶんか,2,２,乙,きのと,丑,うし,,
１８０６,文化3,ぶんか３,1806,文化,ぶんか,3,３,丙,ひのえ,寅,とら,,
１８０７,文化4,ぶんか４,1807,文化,ぶんか,4,４,丁,ひのと,卯,うさぎ,,
１８０８,文化5,ぶんか５,1808,文化,ぶんか,5,５,戊,つちのえ,辰,たつ,,
１８０９,文化6,ぶんか６,1809,文化,ぶんか,6,６,己,つちのと,巳,へび,,
１８１０,文化7,ぶんか７,1810,文化,ぶんか,7,７,庚,かのえ,午,うま,,
１８１１,文化8,ぶんか８,1811,文化,ぶんか,8,８,辛,かのと,未,ひつじ,,
１８１２,文化9,ぶんか９,1812,文化,ぶんか,9,９,壬,みずのえ,申,さる,,
１８１３,文化10,ぶんか１０,1813,文化,ぶんか,10,１０,癸,みずのと,酉,とり,,
１８１４,文化11,ぶんか１１,1814,文化,ぶんか,11,１１,甲,きのえ,戌,いぬ,,
１８１５,文化12,ぶんか１２,1815,文化,ぶんか,12,１２,乙,きのと,亥,いのしし,,
１８１６,文化13,ぶんか１３,1816,文化,ぶんか,13,１３,丙,ひのえ,子,ねずみ,,
１８１７,文化14,ぶんか１４,1817,文化,ぶんか,14,１４,丁,ひのと,丑,うし,,
１８１８,文化15,ぶんか１５,1818,文化,ぶんか,15,１５,戊,つちのえ,寅,とら,0,
１８１８,文政1,ぶんせい１,1818,文政,ぶんせい,1,１,戊,つちのえ,寅,とら,0,
１８１９,文政2,ぶんせい２,1819,文政,ぶんせい,2,２,己,つちのと,卯,うさぎ,,
１８２０,文政3,ぶんせい３,1820,文政,ぶんせい,3,３,庚,かのえ,辰,たつ,,
１８２１,文政4,ぶんせい４,1821,文政,ぶんせい,4,４,辛,かのと,巳,へび,,
１８２２,文政5,ぶんせい５,1822,文政,ぶんせい,5,５,壬,みずのえ,午,うま,,
１８２３,文政6,ぶんせい６,1823,文政,ぶんせい,6,６,癸,みずのと,未,ひつじ,,
１８２４,文政7,ぶんせい７,1824,文政,ぶんせい,7,７,甲,きのえ,申,さる,,
１８２５,文政8,ぶんせい８,1825,文政,ぶんせい,8,８,乙,きのと,酉,とり,,
１８２６,文政9,ぶんせい９,1826,文政,ぶんせい,9,９,丙,ひのえ,戌,いぬ,,
１８２７,文政10,ぶんせい１０,1827,文政,ぶんせい,10,１０,丁,ひのと,亥,いのしし,,
１８２８,文政11,ぶんせい１１,1828,文政,ぶんせい,11,１１,戊,つちのえ,子,ねずみ,,
１８２９,文政12,ぶんせい１２,1829,文政,ぶんせい,12,１２,己,つちのと,丑,うし,,
１８３０,文政13,ぶんせい１３,1830,文政,ぶんせい,13,１３,庚,かのえ,寅,とら,0,
１８３０,天保1,てんぽう１,1830,天保,てんぽう,1,１,庚,かのえ,寅,とら,0,
１８３１,天保2,てんぽう２,1831,天保,てんぽう,2,２,辛,かのと,卯,うさぎ,,
１８３２,天保3,てんぽう３,1832,天保,てんぽう,3,３,壬,みずのえ,辰,たつ,,
１８３３,天保4,てんぽう４,1833,天保,てんぽう,4,４,癸,みずのと,巳,へび,,
１８３４,天保5,てんぽう５,1834,天保,てんぽう,5,５,甲,きのえ,午,うま,,
１８３５,天保6,てんぽう６,1835,天保,てんぽう,6,６,乙,きのと,未,ひつじ,,
１８３６,天保7,てんぽう７,1836,天保,てんぽう,7,７,丙,ひのえ,申,さる,,
１８３７,天保8,てんぽう８,1837,天保,てんぽう,8,８,丁,ひのと,酉,とり,,
１８３８,天保9,てんぽう９,1838,天保,てんぽう,9,９,戊,つちのえ,戌,いぬ,,
１８３９,天保10,てんぽう１０,1839,天保,てんぽう,10,１０,己,つちのと,亥,いのしし,,
１８４０,天保11,てんぽう１１,1840,天保,てんぽう,11,１１,庚,かのえ,子,ねずみ,,
１８４１,天保12,てんぽう１２,1841,天保,てんぽう,12,１２,辛,かのと,丑,うし,,
１８４２,天保13,てんぽう１３,1842,天保,てんぽう,13,１３,壬,みずのえ,寅,とら,,
１８４３,天保14,てんぽう１４,1843,天保,てんぽう,14,１４,癸,みずのと,卯,うさぎ,,
１８４４,天保15,てんぽう１５,1844,天保,てんぽう,15,１５,甲,きのえ,辰,たつ,0,
１８４４,弘化1,こうか１,1844,弘化,こうか,1,１,甲,きのえ,辰,たつ,0,
１８４５,弘化2,こうか２,1845,弘化,こうか,2,２,乙,きのと,巳,へび,,
１８４６,弘化3,こうか３,1846,弘化,こうか,3,３,丙,ひのえ,午,うま,,
１８４７,弘化4,こうか４,1847,弘化,こうか,4,４,丁,ひのと,未,ひつじ,,
１８４８,弘化5,こうか５,1848,弘化,こうか,5,５,戊,つちのえ,申,さる,0,
１８４８,嘉永1,かえい１,1848,嘉永,かえい,1,１,戊,つちのえ,申,さる,0,
１８４９,嘉永2,かえい２,1849,嘉永,かえい,2,２,己,つちのと,酉,とり,,
１８５０,嘉永3,かえい３,1850,嘉永,かえい,3,３,庚,かのえ,戌,いぬ,,
１８５１,嘉永4,かえい４,1851,嘉永,かえい,4,４,辛,かのと,亥,いのしし,,
１８５２,嘉永5,かえい５,1852,嘉永,かえい,5,５,壬,みずのえ,子,ねずみ,,
１８５３,嘉永6,かえい６,1853,嘉永,かえい,6,６,癸,みずのと,丑,うし,,
１８５４,嘉永7,かえい７,1854,嘉永,かえい,7,７,甲,きのえ,寅,とら,0,
１８５４,安政1,あんせい１,1854,安政,あんせい,1,１,甲,きのえ,寅,とら,0,
１８５５,安政2,あんせい２,1855,安政,あんせい,2,２,乙,きのと,卯,うさぎ,,
１８５６,安政3,あんせい３,1856,安政,あんせい,3,３,丙,ひのえ,辰,たつ,,
１８５７,安政4,あんせい４,1857,安政,あんせい,4,４,丁,ひのと,巳,へび,,
１８５８,安政5,あんせい５,1858,安政,あんせい,5,５,戊,つちのえ,午,うま,,
１８５９,安政6,あんせい６,1859,安政,あんせい,6,６,己,つちのと,未,ひつじ,,
１８６０,安政7,あんせい７,1860,安政,あんせい,7,７,庚,かのえ,申,さる,0,
１８６０,万延1,まんえん１,1860,万延,まんえん,1,１,庚,かのえ,申,さる,0,
１８６１,万延2,まんえん２,1861,万延,まんえん,2,２,辛,かのと,酉,とり,0,
１８６１,文久1,ぶんきゅう１,1861,文久,ぶんきゅう,1,１,辛,かのと,酉,とり,0,
１８６２,文久2,ぶんきゅう２,1862,文久,ぶんきゅう,2,２,壬,みずのえ,戌,いぬ,,
１８６３,文久3,ぶんきゅう３,1863,文久,ぶんきゅう,3,３,癸,みずのと,亥,いのしし,,
１８６４,文久4,ぶんきゅう４,1864,文久,ぶんきゅう,4,４,甲,きのえ,子,ねずみ,0,
１８６４,元治1,げんじ１,1864,元治,げんじ,1,１,甲,きのえ,子,ねずみ,0,
１８６５,元治2,げんじ２,1865,元治,げんじ,2,２,乙,きのと,丑,うし,0,
１８６５,慶応1,けいおう１,1865,慶応,けいおう,1,１,乙,きのと,丑,うし,0,
１８６６,慶応2,けいおう２,1866,慶応,けいおう,2,２,丙,ひのえ,寅,とら,,
１８６７,慶応3,けいおう３,1867,慶応,けいおう,3,３,丁,ひのと,卯,うさぎ,,
１８６８,慶応4,けいおう４,1868,慶応,けいおう,4,４,戊,つちのえ,辰,たつ,現代,
１８６８,明治1,めいじ１,1868,明治,めいじ,1,１,戊,つちのえ,辰,たつ,現代,
１８６９,明治2,めいじ２,1869,明治,めいじ,2,２,己,つちのと,巳,へび,,
１８７０,明治3,めいじ３,1870,明治,めいじ,3,３,庚,かのえ,午,うま,,
１８７１,明治4,めいじ４,1871,明治,めいじ,4,４,辛,かのと,未,ひつじ,,
１８７２,明治5,めいじ５,1872,明治,めいじ,5,５,壬,みずのえ,申,さる,,
１８７３,明治6,めいじ６,1873,明治,めいじ,6,６,癸,みずのと,酉,とり,,
１８７４,明治7,めいじ７,1874,明治,めいじ,7,７,甲,きのえ,戌,いぬ,,
１８７５,明治8,めいじ８,1875,明治,めいじ,8,８,乙,きのと,亥,いのしし,,
１８７６,明治9,めいじ９,1876,明治,めいじ,9,９,丙,ひのえ,子,ねずみ,,
１８７７,明治10,めいじ１０,1877,明治,めいじ,10,１０,丁,ひのと,丑,うし,,
１８７８,明治11,めいじ１１,1878,明治,めいじ,11,１１,戊,つちのえ,寅,とら,,
１８７９,明治12,めいじ１２,1879,明治,めいじ,12,１２,己,つちのと,卯,うさぎ,,
１８８０,明治13,めいじ１３,1880,明治,めいじ,13,１３,庚,かのえ,辰,たつ,,
１８８１,明治14,めいじ１４,1881,明治,めいじ,14,１４,辛,かのと,巳,へび,,
１８８２,明治15,めいじ１５,1882,明治,めいじ,15,１５,壬,みずのえ,午,うま,,
１８８３,明治16,めいじ１６,1883,明治,めいじ,16,１６,癸,みずのと,未,ひつじ,,
１８８４,明治17,めいじ１７,1884,明治,めいじ,17,１７,甲,きのえ,申,さる,,
１８８５,明治18,めいじ１８,1885,明治,めいじ,18,１８,乙,きのと,酉,とり,,
１８８６,明治19,めいじ１９,1886,明治,めいじ,19,１９,丙,ひのえ,戌,いぬ,,
１８８７,明治20,めいじ２０,1887,明治,めいじ,20,２０,丁,ひのと,亥,いのしし,,
１８８８,明治21,めいじ２１,1888,明治,めいじ,21,２１,戊,つちのえ,子,ねずみ,,
１８８９,明治22,めいじ２２,1889,明治,めいじ,22,２２,己,つちのと,丑,うし,,
１８９０,明治23,めいじ２３,1890,明治,めいじ,23,２３,庚,かのえ,寅,とら,,
１８９１,明治24,めいじ２４,1891,明治,めいじ,24,２４,辛,かのと,卯,うさぎ,,
１８９２,明治25,めいじ２５,1892,明治,めいじ,25,２５,壬,みずのえ,辰,たつ,,
１８９３,明治26,めいじ２６,1893,明治,めいじ,26,２６,癸,みずのと,巳,へび,,
１８９４,明治27,めいじ２７,1894,明治,めいじ,27,２７,甲,きのえ,午,うま,,
１８９５,明治28,めいじ２８,1895,明治,めいじ,28,２８,乙,きのと,未,ひつじ,,
１８９６,明治29,めいじ２９,1896,明治,めいじ,29,２９,丙,ひのえ,申,さる,,
１８９７,明治30,めいじ３０,1897,明治,めいじ,30,３０,丁,ひのと,酉,とり,,
１８９８,明治31,めいじ３１,1898,明治,めいじ,31,３１,戊,つちのえ,戌,いぬ,,
１８９９,明治32,めいじ３２,1899,明治,めいじ,32,３２,己,つちのと,亥,いのしし,,
１９００,明治33,めいじ３３,1900,明治,めいじ,33,３３,庚,かのえ,子,ねずみ,,
１９０１,明治34,めいじ３４,1901,明治,めいじ,34,３４,辛,かのと,丑,うし,,
１９０２,明治35,めいじ３５,1902,明治,めいじ,35,３５,壬,みずのえ,寅,とら,,
１９０３,明治36,めいじ３６,1903,明治,めいじ,36,３６,癸,みずのと,卯,うさぎ,,
１９０４,明治37,めいじ３７,1904,明治,めいじ,37,３７,甲,きのえ,辰,たつ,,
１９０５,明治38,めいじ３８,1905,明治,めいじ,38,３８,乙,きのと,巳,へび,,
１９０６,明治39,めいじ３９,1906,明治,めいじ,39,３９,丙,ひのえ,午,うま,,
１９０７,明治40,めいじ４０,1907,明治,めいじ,40,４０,丁,ひのと,未,ひつじ,,
１９０８,明治41,めいじ４１,1908,明治,めいじ,41,４１,戊,つちのえ,申,さる,,
１９０９,明治42,めいじ４２,1909,明治,めいじ,42,４２,己,つちのと,酉,とり,,
１９１０,明治43,めいじ４３,1910,明治,めいじ,43,４３,庚,かのえ,戌,いぬ,,
１９１１,明治44,めいじ４４,1911,明治,めいじ,44,４４,辛,かのと,亥,いのしし,,
１９１２,明治45,めいじ４５,1912,明治,めいじ,45,４５,壬,みずのえ,子,ねずみ,0,
１９１２,大正1,たいしょう１,1912,大正,たいしょう,1,１,壬,みずのえ,子,ねずみ,0,
１９１３,大正2,たいしょう２,1913,大正,たいしょう,2,２,癸,みずのと,丑,うし,,
１９１４,大正3,たいしょう３,1914,大正,たいしょう,3,３,甲,きのえ,寅,とら,,
１９１５,大正4,たいしょう４,1915,大正,たいしょう,4,４,乙,きのと,卯,うさぎ,,
１９１６,大正5,たいしょう５,1916,大正,たいしょう,5,５,丙,ひのえ,辰,たつ,,
１９１７,大正6,たいしょう６,1917,大正,たいしょう,6,６,丁,ひのと,巳,へび,,
１９１８,大正7,たいしょう７,1918,大正,たいしょう,7,７,戊,つちのえ,午,うま,,
１９１９,大正8,たいしょう８,1919,大正,たいしょう,8,８,己,つちのと,未,ひつじ,,
１９２０,大正9,たいしょう９,1920,大正,たいしょう,9,９,庚,かのえ,申,さる,,
１９２１,大正10,たいしょう１０,1921,大正,たいしょう,10,１０,辛,かのと,酉,とり,,
１９２２,大正11,たいしょう１１,1922,大正,たいしょう,11,１１,壬,みずのえ,戌,いぬ,,
１９２３,大正12,たいしょう１２,1923,大正,たいしょう,12,１２,癸,みずのと,亥,いのしし,,
１９２４,大正13,たいしょう１３,1924,大正,たいしょう,13,１３,甲,きのえ,子,ねずみ,,
１９２５,大正14,たいしょう１４,1925,大正,たいしょう,14,１４,乙,きのと,丑,うし,,
１９２６,大正15,たいしょう１５,1926,大正,たいしょう,15,１５,丙,ひのえ,寅,とら,0,
１９２６,昭和1,しょうわ１,1926,昭和,しょうわ,1,１,丙,ひのえ,寅,とら,0,
１９２７,昭和2,しょうわ２,1927,昭和,しょうわ,2,２,丁,ひのと,卯,うさぎ,,
１９２８,昭和3,しょうわ３,1928,昭和,しょうわ,3,３,戊,つちのえ,辰,たつ,,
１９２９,昭和4,しょうわ４,1929,昭和,しょうわ,4,４,己,つちのと,巳,へび,,
１９３０,昭和5,しょうわ５,1930,昭和,しょうわ,5,５,庚,かのえ,午,うま,,
１９３１,昭和6,しょうわ６,1931,昭和,しょうわ,6,６,辛,かのと,未,ひつじ,,
１９３２,昭和7,しょうわ７,1932,昭和,しょうわ,7,７,壬,みずのえ,申,さる,,
１９３３,昭和8,しょうわ８,1933,昭和,しょうわ,8,８,癸,みずのと,酉,とり,,
１９３４,昭和9,しょうわ９,1934,昭和,しょうわ,9,９,甲,きのえ,戌,いぬ,,
１９３５,昭和10,しょうわ１０,1935,昭和,しょうわ,10,１０,乙,きのと,亥,いのしし,,
１９３６,昭和11,しょうわ１１,1936,昭和,しょうわ,11,１１,丙,ひのえ,子,ねずみ,,
１９３７,昭和12,しょうわ１２,1937,昭和,しょうわ,12,１２,丁,ひのと,丑,うし,,
１９３８,昭和13,しょうわ１３,1938,昭和,しょうわ,13,１３,戊,つちのえ,寅,とら,,
１９３９,昭和14,しょうわ１４,1939,昭和,しょうわ,14,１４,己,つちのと,卯,うさぎ,,
１９４０,昭和15,しょうわ１５,1940,昭和,しょうわ,15,１５,庚,かのえ,辰,たつ,,
１９４１,昭和16,しょうわ１６,1941,昭和,しょうわ,16,１６,辛,かのと,巳,へび,,
１９４２,昭和17,しょうわ１７,1942,昭和,しょうわ,17,１７,壬,みずのえ,午,うま,,
１９４３,昭和18,しょうわ１８,1943,昭和,しょうわ,18,１８,癸,みずのと,未,ひつじ,,
１９４４,昭和19,しょうわ１９,1944,昭和,しょうわ,19,１９,甲,きのえ,申,さる,,
１９４５,昭和20,しょうわ２０,1945,昭和,しょうわ,20,２０,乙,きのと,酉,とり,,
１９４６,昭和21,しょうわ２１,1946,昭和,しょうわ,21,２１,丙,ひのえ,戌,いぬ,,
１９４７,昭和22,しょうわ２２,1947,昭和,しょうわ,22,２２,丁,ひのと,亥,いのしし,,
１９４８,昭和23,しょうわ２３,1948,昭和,しょうわ,23,２３,戊,つちのえ,子,ねずみ,,
１９４９,昭和24,しょうわ２４,1949,昭和,しょうわ,24,２４,己,つちのと,丑,うし,,
１９５０,昭和25,しょうわ２５,1950,昭和,しょうわ,25,２５,庚,かのえ,寅,とら,,
１９５１,昭和26,しょうわ２６,1951,昭和,しょうわ,26,２６,辛,かのと,卯,うさぎ,,
１９５２,昭和27,しょうわ２７,1952,昭和,しょうわ,27,２７,壬,みずのえ,辰,たつ,,
１９５３,昭和28,しょうわ２８,1953,昭和,しょうわ,28,２８,癸,みずのと,巳,へび,,
１９５４,昭和29,しょうわ２９,1954,昭和,しょうわ,29,２９,甲,きのえ,午,うま,,
１９５５,昭和30,しょうわ３０,1955,昭和,しょうわ,30,３０,乙,きのと,未,ひつじ,,
１９５６,昭和31,しょうわ３１,1956,昭和,しょうわ,31,３１,丙,ひのえ,申,さる,,
１９５７,昭和32,しょうわ３２,1957,昭和,しょうわ,32,３２,丁,ひのと,酉,とり,,
１９５８,昭和33,しょうわ３３,1958,昭和,しょうわ,33,３３,戊,つちのえ,戌,いぬ,,
１９５９,昭和34,しょうわ３４,1959,昭和,しょうわ,34,３４,己,つちのと,亥,いのしし,,
１９６０,昭和35,しょうわ３５,1960,昭和,しょうわ,35,３５,庚,かのえ,子,ねずみ,,
１９６１,昭和36,しょうわ３６,1961,昭和,しょうわ,36,３６,辛,かのと,丑,うし,,
１９６２,昭和37,しょうわ３７,1962,昭和,しょうわ,37,３７,壬,みずのえ,寅,とら,,
１９６３,昭和38,しょうわ３８,1963,昭和,しょうわ,38,３８,癸,みずのと,卯,うさぎ,,
１９６４,昭和39,しょうわ３９,1964,昭和,しょうわ,39,３９,甲,きのえ,辰,たつ,,
１９６５,昭和40,しょうわ４０,1965,昭和,しょうわ,40,４０,乙,きのと,巳,へび,,
１９６６,昭和41,しょうわ４１,1966,昭和,しょうわ,41,４１,丙,ひのえ,午,うま,,
１９６７,昭和42,しょうわ４２,1967,昭和,しょうわ,42,４２,丁,ひのと,未,ひつじ,,
１９６８,昭和43,しょうわ４３,1968,昭和,しょうわ,43,４３,戊,つちのえ,申,さる,,
１９６９,昭和44,しょうわ４４,1969,昭和,しょうわ,44,４４,己,つちのと,酉,とり,,
１９７０,昭和45,しょうわ４５,1970,昭和,しょうわ,45,４５,庚,かのえ,戌,いぬ,,
１９７１,昭和46,しょうわ４６,1971,昭和,しょうわ,46,４６,辛,かのと,亥,いのしし,,
１９７２,昭和47,しょうわ４７,1972,昭和,しょうわ,47,４７,壬,みずのえ,子,ねずみ,,
１９７３,昭和48,しょうわ４８,1973,昭和,しょうわ,48,４８,癸,みずのと,丑,うし,,
１９７４,昭和49,しょうわ４９,1974,昭和,しょうわ,49,４９,甲,きのえ,寅,とら,,
１９７５,昭和50,しょうわ５０,1975,昭和,しょうわ,50,５０,乙,きのと,卯,うさぎ,,
１９７６,昭和51,しょうわ５１,1976,昭和,しょうわ,51,５１,丙,ひのえ,辰,たつ,,
１９７７,昭和52,しょうわ５２,1977,昭和,しょうわ,52,５２,丁,ひのと,巳,へび,,
１９７８,昭和53,しょうわ５３,1978,昭和,しょうわ,53,５３,戊,つちのえ,午,うま,,
１９７９,昭和54,しょうわ５４,1979,昭和,しょうわ,54,５４,己,つちのと,未,ひつじ,,
１９８０,昭和55,しょうわ５５,1980,昭和,しょうわ,55,５５,庚,かのえ,申,さる,,
１９８１,昭和56,しょうわ５６,1981,昭和,しょうわ,56,５６,辛,かのと,酉,とり,,
１９８２,昭和57,しょうわ５７,1982,昭和,しょうわ,57,５７,壬,みずのえ,戌,いぬ,,
１９８３,昭和58,しょうわ５８,1983,昭和,しょうわ,58,５８,癸,みずのと,亥,いのしし,,
１９８４,昭和59,しょうわ５９,1984,昭和,しょうわ,59,５９,甲,きのえ,子,ねずみ,,
１９８５,昭和60,しょうわ６０,1985,昭和,しょうわ,60,６０,乙,きのと,丑,うし,,
１９８６,昭和61,しょうわ６１,1986,昭和,しょうわ,61,６１,丙,ひのえ,寅,とら,,
１９８７,昭和62,しょうわ６２,1987,昭和,しょうわ,62,６２,丁,ひのと,卯,うさぎ,,
１９８８,昭和63,しょうわ６３,1988,昭和,しょうわ,63,６３,戊,つちのえ,辰,たつ,,
１９８９,昭和64,しょうわ６４,1989,昭和,しょうわ,64,６４,己,つちのと,巳,へび,0,
１９８９,平成1,へいせい１,1989,平成,へいせい,1,１,己,つちのと,巳,へび,0,
１９９０,平成2,へいせい２,1990,平成,へいせい,2,２,庚,かのえ,午,うま,,
１９９１,平成3,へいせい３,1991,平成,へいせい,3,３,辛,かのと,未,ひつじ,,
１９９２,平成4,へいせい４,1992,平成,へいせい,4,４,壬,みずのえ,申,さる,,
１９９３,平成5,へいせい５,1993,平成,へいせい,5,５,癸,みずのと,酉,とり,,
１９９４,平成6,へいせい６,1994,平成,へいせい,6,６,甲,きのえ,戌,いぬ,,
１９９５,平成7,へいせい７,1995,平成,へいせい,7,７,乙,きのと,亥,いのしし,,
１９９６,平成8,へいせい８,1996,平成,へいせい,8,８,丙,ひのえ,子,ねずみ,,
１９９７,平成9,へいせい９,1997,平成,へいせい,9,９,丁,ひのと,丑,うし,,
１９９８,平成10,へいせい１０,1998,平成,へいせい,10,１０,戊,つちのえ,寅,とら,,
１９９９,平成11,へいせい１１,1999,平成,へいせい,11,１１,己,つちのと,卯,うさぎ,,
２０００,平成12,へいせい１２,2000,平成,へいせい,12,１２,庚,かのえ,辰,たつ,,
２００１,平成13,へいせい１３,2001,平成,へいせい,13,１３,辛,かのと,巳,へび,,
２００２,平成14,へいせい１４,2002,平成,へいせい,14,１４,壬,みずのえ,午,うま,,
２００３,平成15,へいせい１５,2003,平成,へいせい,15,１５,癸,みずのと,未,ひつじ,,
２００１,平成16,へいせい１３,2004,平成,へいせい,16,１６,甲,きのえ,申,さる,,
２００２,平成17,へいせい１４,2005,平成,へいせい,17,１７,乙,きのと,酉,とり,,
２００３,平成18,へいせい１５,2006,平成,へいせい,18,１８,丙,ひのえ,戌,いぬ,,
２００１,平成19,へいせい１３,2007,平成,へいせい,19,１９,丁,ひのと,亥,いのしし,,
２００２,平成20,へいせい１４,2008,平成,へいせい,20,２０,戊,つちのえ,子,ねずみ,,
２００３,平成21,へいせい１５,2009,平成,へいせい,21,２１,己,つちのと,丑,うし,,
２００１,平成22,へいせい１３,2010,平成,へいせい,22,２２,庚,かのえ,寅,とら,,
２００２,平成23,へいせい１４,2011,平成,へいせい,23,２３,辛,かのと,卯,うさぎ,,
２００３,平成24,へいせい１５,2012,平成,へいせい,24,２４,壬,みずのえ,辰,たつ,,
２００１,平成25,へいせい１３,2013,平成,へいせい,25,２５,癸,みずのと,巳,へび,,
２００２,平成26,へいせい１４,2014,平成,へいせい,26,２６,甲,きのえ,午,うま,,
２００３,平成27,へいせい１５,2015,平成,へいせい,27,２７,乙,きのと,未,ひつじ,,
２００１,平成28,へいせい１３,2016,平成,へいせい,28,２８,丙,ひのえ,申,さる,,
２００２,平成29,へいせい１４,2017,平成,へいせい,29,２９,丁,ひのと,酉,とり,,
２００３,平成30,へいせい１５,2018,平成,へいせい,30,３０,戊,つちのえ,戌,いぬ,,
